order_id,user_id,order_date,category,amount,city
103860,206,2023-06-20,,1820.92,成都
102659,50,2023-07-22,Clothing,430.5,上海
101905,388,2023-06-22,Books,679.73,成都
100846,375,2023-03-07,Electronics,780.94,成都
101290,328,2023-08-21,Food,1541.02,成都
101483,302,2023-01-12,Food,761.7,武汉
103563,76,2023-06-19,Electronics,595.87,杭州
101243,32,2023-07-09,Electronics,11.68,成都
104782,12,2023-08-20,,1016.27,武汉
104983,68,2023-01-17,Books,,武汉
100834,433,2023-08-21,Food,1124.7,西安
103498,281,2023-08-31,Books,1762.1,深圳
100231,72,2023-01-24,Electronics,615.69,西安
100532,248,2023-02-09,Food,510.88,深圳
101538,308,2023-05-14,Clothing,187.23,成都
100688,429,2023-09-10,Food,359.36,北京
101973,491,2023-03-10,Clothing,1187.65,杭州
104876,376,2023-12-28,Food,135.81,北京
102161,28,2023-04-19,Electronics,1905.76,武汉
103922,131,2023-06-18,Clothing,76.07,深圳
101480,445,2023-06-06,Electronics,681.81,北京
100945,462,2023-11-05,Electronics,1794.97,武汉
103921,411,2023-02-04,Books,1925.01,北京
100332,306,2023-10-02,Electronics,1267.59,深圳
102956,462,2023-11-26,Electronics,788.71,广州
103797,306,2023-05-10,Books,69.07,上海
101989,337,2023-03-06,Clothing,763.81,杭州
104164,248,2023-12-16,Clothing,1461.68,上海
101865,219,2023-08-28,Food,336.68,深圳
103993,368,2023-08-20,Clothing,189.28,武汉
102124,54,2023-02-09,Food,1210.35,成都
104542,34,2023-01-11,Electronics,1417.48,西安
104635,65,2023-01-16,Food,1893.54,成都
100461,335,2023-06-28,Electronics,365.16,武汉
101176,420,2023-02-04,Books,1688.19,上海
102494,487,2023-01-11,Books,189.6,成都
104929,482,2023-08-18,Electronics,237.73,北京
103888,293,2023-08-19,Food,1538.33,深圳
102317,237,2023-01-15,Electronics,1915.41,武汉
100816,483,2023-03-23,Electronics,837.9,西安
102149,260,2023-08-19,Food,1756.04,北京
100062,260,2023-05-16,Clothing,1867.19,上海
100224,494,2023-02-08,Clothing,1510.76,深圳
101092,136,2023-07-07,Clothing,473.66,杭州
101719,338,2023-10-17,Clothing,140.07,广州
101740,408,2023-08-08,Electronics,685.84,北京
100751,191,2023-09-08,Books,363.39,西安
103961,361,2023-04-26,Food,13.16,西安
102553,316,2023-10-14,Clothing,,广州
103201,305,2023-09-20,Clothing,632.97,成都
104317,466,2023-04-10,Electronics,1387.79,深圳
101793,370,2023-08-25,Food,1585.91,成都
103332,459,2023-08-31,Electronics,734.78,武汉
101061,98,2023-10-18,Clothing,1091.8,成都
104450,19,2023-06-20,Clothing,981.78,北京
103218,143,2023-02-25,Food,263.57,上海
103253,35,2023-02-21,Food,1636.41,广州
102207,468,2023-04-17,Books,210.34,北京
104723,403,2023-05-30,Books,1519.17,成都
100898,83,2023-04-05,Clothing,1237.6,杭州
100074,299,2023-10-10,Clothing,865.28,北京
100758,365,2023-12-30,Food,853.38,武汉
102834,72,2023-07-25,Electronics,1454.7,广州
102354,56,2023-12-24,Books,761.48,深圳
101810,245,2023-02-05,Books,1910.64,深圳
101152,204,2023-06-05,Food,928.08,武汉
102504,442,2023-02-13,Electronics,157.04,武汉
100769,352,2023-10-01,Books,1813.99,成都
100824,6,2023-11-26,Clothing,1016.08,西安
103305,84,2023-11-16,Books,1897.5,上海
101382,336,2023-11-27,Food,977.44,西安
104125,287,2023-06-23,Clothing,1775.85,杭州
103601,489,2023-06-10,Food,1432.69,广州
100533,370,2023-11-17,Books,1191.67,深圳
100389,63,2023-05-17,Books,503.36,上海
102751,294,2023-10-07,Food,1117.78,杭州
101529,391,2023-01-27,Clothing,1264.01,
102172,135,2023-09-24,Electronics,1976.59,广州
100804,170,2023-05-01,Electronics,35.37,上海
101343,38,2023-08-30,Books,118.14,武汉
104302,365,2023-05-11,Clothing,1894.84,西安
104293,491,2023-03-25,Clothing,592.42,成都
102994,82,2023-10-15,Books,1402.73,杭州
102873,227,2023-01-21,Clothing,1100.49,杭州
104331,303,2023-06-12,Food,1517.33,武汉
101842,288,2023-11-17,Clothing,1253.1,武汉
102979,110,2023-07-21,Clothing,945.76,西安
104754,247,2023-02-22,Electronics,1525.54,西安
100314,497,2023-08-16,Food,1507.26,西安
100799,340,2023-09-24,Food,1249.37,广州
102297,159,2023-04-08,Electronics,1163.24,成都
102985,240,2023-05-06,Clothing,1527.61,西安
102355,101,2023-05-10,Books,880.65,杭州
103441,190,2023-02-19,Electronics,520.35,武汉
103963,396,2023-11-13,Books,93.5,北京
103155,486,2023-12-17,Books,1989.33,武汉
103181,58,2023-09-26,Food,1175.29,北京
102647,50,2023-04-24,Clothing,45.97,成都
102349,256,2023-12-14,Books,654.08,深圳
103785,20,2023-04-17,Electronics,1614.13,武汉
101140,306,2023-04-29,Clothing,1377.88,成都
103432,56,2023-06-06,Books,509.82,杭州
101022,441,2023-06-16,Books,939.72,杭州
104742,459,2023-12-10,Electronics,1596.69,武汉
103002,57,2023-12-09,Clothing,1923.53,成都
100323,213,2023-01-28,Books,1008.99,深圳
102774,139,2023-04-30,Clothing,1546.97,北京
104358,30,2023-04-23,Books,850.27,北京
103288,48,2023-11-12,Books,558.76,深圳
102073,332,2023-05-25,Electronics,627.22,广州
103163,130,2023-10-27,Electronics,1399.45,西安
100485,469,2023-05-05,Clothing,799.3,深圳
103022,361,2023-03-13,Clothing,1836.82,上海
100791,184,2023-04-07,Clothing,1896.69,武汉
102507,263,2023-01-12,Food,555.36,深圳
101972,122,2023-01-19,Clothing,291.92,深圳
104078,371,2023-01-03,Food,1135.43,武汉
100968,181,2023-12-09,Books,,深圳
100137,316,2023-10-03,Books,935.1,杭州
100471,122,2023-06-04,Clothing,1971.53,深圳
104572,387,2023-02-12,Clothing,1909.16,北京
102023,393,2023-12-17,Clothing,113.56,成都
101284,269,2023-02-23,Books,709.52,杭州
104211,50,2023-03-11,Electronics,307.85,上海
101333,317,2023-07-05,Clothing,933.79,深圳
102211,463,2023-04-02,Electronics,243.24,成都
102548,272,2023-02-10,Clothing,1911.17,杭州
102754,464,2023-08-17,Clothing,376.44,西安
104470,464,2023-05-28,Clothing,1304.6,武汉
103250,119,2023-02-17,Electronics,1149.49,广州
102453,304,2023-10-31,Food,1351.08,西安
101935,383,2023-12-07,Electronics,1201.77,杭州
104492,100,2023-03-06,Books,49.75,上海
100329,281,2023-11-08,Books,231.26,杭州
100399,186,2023-10-11,Food,156.33,西安
103415,440,2023-11-22,Clothing,421.5,成都
100828,41,2023-08-24,Books,1604.51,西安
100009,425,2023-11-18,Food,1158.93,上海
100595,112,2023-08-08,Clothing,994.48,成都
101884,324,2023-12-28,Electronics,1397.97,广州
103007,359,2023-06-06,Food,903.37,武汉
100111,71,2023-03-19,Clothing,772.24,广州
103661,370,2023-09-05,Clothing,1828.77,成都
104652,8,2023-01-19,Books,1950.18,上海
101351,303,2023-08-31,Books,565.55,武汉
101930,434,2023-07-18,Books,646.09,成都
101083,478,2023-06-30,Food,1104.66,成都
102788,91,2023-10-17,Electronics,264.62,广州
104617,49,2023-01-30,Clothing,541.32,北京
103653,352,2023-08-22,Electronics,70.96,上海
103731,342,2023-11-02,Books,1521.89,西安
103516,437,2023-05-30,Clothing,417.23,深圳
103968,401,2023-11-11,Electronics,734.53,成都
100122,143,2023-08-04,Food,1671.47,西安
102344,473,2023-07-21,Electronics,1833.16,西安
103769,282,2023-06-17,Food,780.86,广州
100404,412,2023-08-31,Books,306.39,广州
104674,108,2023-06-02,Books,1628.45,深圳
102149,260,2023-08-19,Food,1756.04,北京
101078,52,2023-04-29,Books,387.03,深圳
104557,201,2023-08-01,Clothing,149.46,成都
104219,104,2023-03-01,Electronics,1263.63,武汉
103279,159,2023-09-17,Clothing,32.0,上海
103275,486,2023-03-16,Electronics,597.88,北京
104631,219,2023-07-29,Electronics,117.03,广州
104282,170,2023-07-25,Electronics,438.9,北京
100417,313,2023-09-05,Clothing,1915.1,杭州
102877,440,2023-11-10,Books,1677.48,武汉
101509,121,2023-02-27,Electronics,1048.7,杭州
101182,267,2023-11-20,Books,990.08,广州
102398,31,2023-05-23,Books,995.76,武汉
100694,361,2023-12-06,Books,1176.17,成都
100312,306,2023-07-12,Clothing,332.87,广州
101261,216,2023-06-30,Food,585.52,北京
103264,456,2023-09-26,Books,1924.59,成都
104595,87,2023-02-03,Clothing,406.61,西安
102833,128,2023-06-29,Electronics,460.35,杭州
102001,311,2023-08-18,Clothing,1352.3,深圳
101982,186,2023-06-20,Food,301.2,深圳
101232,402,2023-08-11,Food,1093.61,深圳
100743,69,2023-06-03,Books,1550.32,成都
104224,145,2023-10-16,Books,1601.09,杭州
104824,425,2023-10-22,Clothing,1923.67,深圳
101461,76,2023-08-21,Electronics,253.16,西安
102819,282,2023-12-31,Food,261.34,成都
102596,304,2023-01-15,Clothing,1029.29,杭州
103415,440,2023-11-22,Clothing,421.5,成都
100426,125,2023-01-26,Clothing,1279.51,北京
101731,431,2023-05-09,Clothing,224.6,
104582,88,2023-08-09,Books,1986.8,杭州
103359,87,2023-12-03,Food,1346.9,武汉
103380,254,2023-10-11,Food,248.31,北京
104521,304,2023-06-12,Clothing,1853.86,武汉
100730,22,2023-08-05,Electronics,1976.68,武汉
104989,333,2023-07-09,Books,1072.56,北京
102210,325,2023-08-19,Clothing,367.81,北京
101369,123,2023-10-04,Electronics,1301.59,深圳
101773,86,2023-09-18,Books,1505.1,成都
102846,215,2023-12-08,Food,1966.34,上海
103219,474,2023-12-18,Books,417.74,北京
100372,65,2023-06-12,Electronics,905.45,成都
100236,112,2023-08-16,Books,,成都
103345,233,2023-10-30,Food,,西安
101322,165,2023-04-20,Electronics,1190.24,成都
101005,177,2023-01-11,Books,251.26,深圳
104418,83,2023-08-01,Electronics,72.15,深圳
104832,204,2023-09-04,Clothing,1320.34,广州
103119,139,2023-01-12,Books,135.93,广州
103878,117,2023-11-02,Books,422.21,成都
104513,194,2023-05-11,Food,146.69,武汉
104712,366,2023-05-06,Clothing,1338.82,成都
104386,274,2023-07-16,Clothing,1227.15,成都
100126,319,2023-03-20,Clothing,261.18,上海
104030,358,2023-02-12,Clothing,1996.44,上海
104491,387,2023-08-26,Electronics,1539.92,成都
102524,446,2023-02-28,Electronics,1772.15,西安
100252,312,2023-03-17,Electronics,261.12,成都
103965,151,2023-10-11,Clothing,762.06,武汉
104746,381,2023-02-12,Food,1196.4,西安
103459,213,2023-02-25,Books,466.22,广州
100428,349,2023-03-12,Electronics,1929.39,广州
104110,431,2023-07-21,Books,1908.55,北京
102640,495,2023-03-01,Clothing,1146.08,杭州
103372,109,2023-03-27,Clothing,1245.94,西安
103678,9,2023-11-14,Food,1905.93,广州
103418,82,2023-02-01,Electronics,1499.17,杭州
104920,307,2023-04-02,Electronics,1237.69,西安
101794,434,2023-04-07,Books,1542.56,武汉
100613,460,2023-02-21,Clothing,1507.37,武汉
101432,89,2023-12-30,Food,67.23,上海
100748,429,2023-01-30,Clothing,75.81,北京
102375,19,2023-09-12,Clothing,1304.17,武汉
102945,35,2023-04-04,Food,343.06,杭州
101877,482,2023-07-22,Food,774.23,杭州
103392,52,2023-07-26,Electronics,630.67,武汉
100007,184,2023-06-26,Food,1616.19,西安
102454,195,2023-06-14,Books,361.68,杭州
101918,87,2023-08-17,Electronics,969.52,深圳
102816,340,2023-02-19,Food,1528.91,杭州
102400,95,2023-12-04,Books,1069.66,杭州
104514,40,2023-01-18,Electronics,1250.67,西安
100257,341,2023-05-11,Food,1907.65,西安
104666,178,2023-02-20,Electronics,1986.0,广州
100686,468,2023-10-30,Electronics,1409.87,成都
103945,8,2023-04-05,Clothing,359.7,北京
100043,182,2023-08-05,Books,939.38,北京
102033,114,2023-06-22,Books,963.6,
103009,338,2023-02-11,Food,1107.04,广州
101767,61,2023-03-15,Clothing,1591.85,深圳
102620,249,2023-12-01,,850.69,北京
102966,480,2023-10-20,Books,572.11,武汉
100864,425,2023-04-26,Food,1512.66,深圳
103537,38,2023-05-03,Books,557.29,成都
101049,102,2023-07-04,Electronics,1728.68,深圳
100994,122,2023-05-18,Books,1917.47,成都
102799,48,2023-08-03,Electronics,233.7,西安
101657,455,2023-03-08,Books,437.42,上海
101016,108,2023-03-27,Books,214.99,上海
102419,32,2023-05-13,Food,42.08,成都
101926,133,2023-03-01,Food,184.48,上海
104036,17,2023-08-13,Food,97.21,西安
102219,473,2023-04-09,Food,354.19,杭州
100128,86,2023-11-07,Electronics,1557.81,广州
103438,119,2023-07-30,Electronics,417.87,武汉
100067,381,2023-10-11,Clothing,551.97,深圳
104330,37,2023-06-15,Books,444.55,广州
100452,60,2023-12-15,Clothing,1436.67,西安
104500,464,2023-06-25,Books,419.23,武汉
100231,72,2023-01-24,Electronics,615.69,西安
101014,212,2023-03-27,Clothing,1709.88,广州
104855,103,2023-05-19,Books,189.36,武汉
104274,196,2023-10-26,Electronics,314.45,上海
100011,438,2023-04-30,Electronics,766.45,
100711,83,2023-02-08,Electronics,682.52,西安
101612,254,2023-11-15,Food,902.17,武汉
103014,68,2023-06-27,Food,1109.24,西安
100727,294,2023-05-01,Books,604.72,武汉
104243,364,2023-05-12,Electronics,1585.5,杭州
101053,353,2023-11-02,Clothing,749.08,上海
101798,218,2023-12-18,Books,1528.05,杭州
100784,220,2023-09-02,Books,19.29,深圳
101203,228,2023-09-17,Electronics,1600.06,广州
102230,368,2023-06-18,Clothing,936.1,
100050,463,2023-01-31,Clothing,764.16,武汉
104709,417,2023-01-08,Food,1717.72,北京
102170,8,2023-03-19,Books,1868.3,西安
104590,293,2023-09-28,Clothing,792.15,广州
103156,20,2023-09-07,Electronics,954.99,上海
104162,478,2023-10-02,Electronics,58.93,成都
103406,1,2023-02-28,Books,1185.57,杭州
102000,366,2023-08-06,Food,496.01,北京
103544,267,2023-04-15,Food,787.27,上海
102841,449,2023-12-30,Books,1519.33,深圳
100163,150,2023-01-17,Clothing,583.33,杭州
104357,334,2023-03-24,Clothing,230.68,北京
102117,349,2023-08-21,Food,1839.11,杭州
104144,137,2023-04-03,Books,253.85,杭州
101664,472,2023-03-02,Books,229.57,成都
101035,94,2023-03-11,Food,229.61,西安
104617,49,2023-01-30,Clothing,541.32,北京
103499,265,2023-04-10,Books,1439.18,深圳
101915,338,2023-12-25,Electronics,1471.21,杭州
102300,256,2023-12-17,Clothing,937.97,广州
100677,103,2023-11-26,Clothing,1265.2,北京
104646,261,2023-07-20,Books,1410.15,
101605,494,2023-09-06,Books,49.06,西安
100773,336,2023-02-15,Clothing,717.01,杭州
103506,43,2023-08-25,Electronics,1645.85,杭州
104962,310,2023-11-16,Books,574.57,上海
103070,128,2023-07-12,Books,1404.29,北京
103831,277,2023-03-30,Electronics,1625.62,杭州
101064,278,2023-07-07,Books,11.43,武汉
101514,252,2023-10-01,Food,1402.24,上海
101116,157,2023-08-19,Books,55.27,深圳
100027,489,2023-05-15,Clothing,1020.29,上海
100558,332,2023-02-25,Clothing,1860.55,深圳
100823,247,2023-06-27,Books,305.82,北京
100439,90,2023-11-09,Books,1655.71,成都
101745,96,2023-05-05,Clothing,1596.08,北京
100669,12,2023-02-03,Clothing,1805.97,西安
104813,162,2023-03-12,Food,131.56,广州
101811,67,2023-04-16,Food,870.08,西安
103594,201,2023-03-25,Electronics,1431.49,西安
104447,153,2023-08-13,Food,233.15,西安
101530,2,2023-07-25,Clothing,1260.31,成都
102988,170,2023-02-16,Food,,成都
104705,145,2023-04-19,Electronics,1243.81,深圳
101963,386,2023-04-17,Electronics,369.52,广州
101292,196,2023-07-18,Food,1991.96,杭州
101088,306,2023-01-09,Clothing,1986.89,杭州
101833,226,2023-07-03,Clothing,441.18,北京
103787,391,2023-02-16,Books,332.13,北京
100920,377,2023-09-05,Food,90.44,西安
101979,215,2023-03-20,Food,1984.97,武汉
103423,430,2023-09-02,Books,546.58,西安
104806,301,2023-03-09,Clothing,797.09,上海
104053,367,2023-04-22,Clothing,1144.85,杭州
104148,232,2023-10-18,Books,447.82,西安
104204,189,2023-02-14,Books,1954.93,杭州
104368,433,2023-10-12,Clothing,1765.21,武汉
104472,299,2023-07-09,Books,,成都
104176,1,2023-05-28,Food,1707.2,深圳
100703,86,2023-11-22,Electronics,1645.11,成都
103392,52,2023-07-26,Electronics,630.67,武汉
102006,151,2023-05-16,Clothing,14.45,武汉
104921,98,2023-01-02,Food,524.34,广州
100556,225,2023-12-23,Books,644.63,杭州
102469,382,2023-04-24,Electronics,660.96,成都
100885,20,2023-02-14,Electronics,117.99,杭州
102434,467,2023-05-05,Food,493.72,成都
101554,364,2023-09-29,Books,292.17,上海
103907,176,2023-04-27,Books,697.98,武汉
104541,231,2023-08-25,Clothing,24.57,杭州
100604,361,2023-02-18,Electronics,434.71,上海
100538,494,2023-07-23,Food,589.98,西安
103098,172,2023-04-11,Food,1796.88,武汉
102872,54,2023-05-31,Electronics,654.43,深圳
100973,287,2023-02-07,Food,686.53,上海
102384,448,2023-05-08,Electronics,162.46,广州
102299,291,2023-06-27,Food,229.28,北京
102256,338,2023-11-28,Clothing,1392.98,上海
100680,14,2023-06-13,Clothing,68.31,杭州
104880,165,2023-10-30,Electronics,1672.11,北京
100112,362,2023-04-20,Electronics,835.59,成都
104354,314,2023-05-10,Clothing,1593.72,上海
100714,106,2023-04-08,Books,1397.42,杭州
101777,107,2023-04-23,Clothing,909.64,深圳
104772,277,2023-04-24,Electronics,1485.45,成都
103045,139,2023-06-22,Clothing,53.14,武汉
101628,260,2023-02-23,Clothing,1263.55,深圳
100388,264,2023-10-15,Electronics,645.04,西安
102485,178,2023-12-23,Books,1412.59,西安
103106,425,2023-04-03,Food,420.64,武汉
101114,58,2023-01-28,Clothing,1898.39,广州
103574,73,2023-12-22,Books,689.27,广州
103008,173,2023-01-21,Food,1502.5,西安
100723,429,2023-05-18,Electronics,310.75,上海
100169,483,2023-05-20,Books,881.14,北京
104342,446,2023-08-11,Books,1076.21,武汉
103876,357,2023-07-15,Electronics,709.01,上海
101043,93,2023-04-09,Food,1636.33,北京
103126,448,2023-10-16,Books,1122.3,西安
101709,345,2023-03-30,Books,1116.02,西安
102356,116,2023-04-14,Clothing,873.79,深圳
103764,496,2023-06-29,Books,1680.9,上海
102126,34,2023-04-19,Electronics,1515.48,杭州
100295,20,2023-01-30,Food,1665.08,上海
100629,233,2023-11-10,Electronics,625.49,广州
102828,458,2023-09-01,Books,650.62,杭州
103490,165,2023-07-09,Electronics,738.76,广州
103757,107,2023-10-02,Electronics,1324.07,西安
101572,336,2023-11-15,Books,656.58,广州
102115,31,2023-11-25,Electronics,1212.31,广州
101981,273,2023-02-26,Books,141.26,上海
100587,149,2023-10-21,Food,1905.27,上海
101893,87,2023-09-09,Electronics,202.77,武汉
103485,21,2023-09-17,Books,939.95,北京
100490,289,2023-04-24,Clothing,42.28,武汉
103891,402,2023-03-08,Clothing,1543.15,成都
104295,339,2023-10-07,Books,1462.0,上海
100510,139,2023-01-24,Electronics,1372.01,杭州
101329,74,2023-11-24,Food,1050.94,武汉
100814,493,2023-08-22,Food,1673.06,西安
104771,401,2023-08-16,Books,1957.99,北京
102825,192,2023-03-23,Electronics,1363.99,深圳
102232,270,2023-04-22,Electronics,1126.31,上海
104287,385,2023-06-11,Clothing,1798.3,北京
100720,242,2023-09-08,Food,191.36,武汉
104835,87,2023-10-12,Clothing,353.5,成都
100395,25,2023-01-26,Food,994.84,西安
101135,221,2023-03-16,Clothing,641.82,上海
101920,55,2023-08-11,Electronics,328.87,成都
103695,410,2023-06-16,Food,147.79,北京
102703,176,2023-04-26,Food,420.79,广州
103215,219,2023-11-18,Books,1194.59,西安
100493,132,2023-09-08,Books,927.05,成都
102362,219,2023-11-17,Books,1749.21,上海
103369,33,2023-03-25,Clothing,690.78,深圳
100806,400,2023-09-19,Electronics,1449.89,上海
100345,147,2023-07-02,Electronics,1732.94,成都
103371,406,2023-08-10,Electronics,1616.48,武汉
100039,118,2023-02-04,Electronics,1720.67,上海
102813,232,2023-04-20,Books,1246.41,西安
104275,332,2023-12-06,Books,881.93,杭州
102281,461,2023-08-22,Clothing,1924.86,
102435,119,2023-08-22,Food,1498.89,上海
100679,177,2023-10-17,Food,782.88,广州
103058,358,2023-04-10,Clothing,1931.29,深圳
101106,287,2023-04-12,Books,796.68,深圳
104453,219,2023-01-20,Books,1016.99,广州
103883,472,2023-07-12,Books,1367.99,杭州
102731,166,2023-03-22,Clothing,1535.13,广州
101300,464,2023-07-20,Electronics,1035.61,西安
101499,164,2023-02-02,Clothing,1693.47,杭州
101090,12,2023-12-20,Food,1839.03,广州
103409,119,2023-05-08,Electronics,1465.19,武汉
102968,326,2023-08-21,Books,1839.66,广州
100964,485,2023-03-31,Books,883.55,深圳
103824,49,2023-10-07,Electronics,478.07,西安
104649,437,2023-10-07,Books,1026.17,杭州
101983,141,2023-01-06,Electronics,760.54,深圳
102379,357,2023-03-06,Books,1405.66,广州
104012,225,2023-05-12,Clothing,681.42,广州
102817,33,2023-07-07,Books,1288.16,广州
104334,341,2023-04-03,Electronics,868.61,上海
104147,398,2023-06-12,Food,434.85,北京
101320,59,2023-09-12,Clothing,135.59,深圳
101720,382,2023-02-03,Clothing,526.65,
100879,460,2023-11-30,Clothing,647.42,上海
101636,404,2023-04-27,Clothing,1605.52,武汉
102245,423,2023-01-06,Clothing,219.22,成都
100946,268,2023-08-04,Food,1750.9,武汉
104570,95,2023-07-04,Clothing,194.76,武汉
104924,239,2023-10-03,Electronics,834.43,北京
102390,400,2023-10-10,Food,1739.25,深圳
100134,260,2023-11-28,Food,,武汉
102794,207,2023-11-17,Food,1818.87,杭州
102356,116,2023-04-14,Clothing,873.79,深圳
103010,447,2023-11-16,Electronics,1471.94,北京
104660,393,2023-03-05,Electronics,1344.46,西安
104042,2,2023-05-23,Food,260.85,北京
100667,67,2023-04-12,Books,750.76,上海
103586,258,2023-04-14,Electronics,171.62,深圳
104216,68,2023-08-13,Books,1353.15,北京
104550,432,2023-06-02,Clothing,379.19,
103562,75,2023-10-02,Food,1162.77,深圳
103333,99,2023-06-26,Electronics,107.34,杭州
101952,304,2023-08-11,Clothing,1257.68,武汉
102742,286,2023-10-14,Clothing,1596.97,西安
104412,25,2023-01-01,Clothing,101.39,成都
103845,360,2023-11-24,Food,1671.82,武汉
104251,54,2023-01-05,Books,266.89,广州
102702,90,2023-09-05,Books,38.32,上海
104556,399,2023-01-18,Electronics,1193.17,深圳
102058,88,2023-04-25,Electronics,1071.8,杭州
104092,296,2023-11-05,Clothing,1405.19,广州
102437,186,2023-02-10,Food,1125.31,上海
104305,25,2023-03-03,Books,1932.36,北京
102328,267,2023-02-19,Clothing,416.54,西安
103110,453,2023-01-01,Electronics,1242.36,北京
102318,46,2023-03-13,Food,1575.4,
103194,222,2023-11-04,Electronics,840.46,上海
103210,248,2023-05-19,Books,1079.44,广州
101187,354,2023-05-25,Food,1582.49,杭州
101653,180,2023-06-03,Food,1337.18,广州
100895,284,2023-10-12,Clothing,255.24,北京
101017,480,2023-08-31,Electronics,62.47,武汉
103172,326,2023-10-06,Electronics,843.06,北京
102830,107,2023-11-10,Electronics,127.85,武汉
102668,197,2023-10-25,Books,1948.75,武汉
101924,330,2023-06-25,Books,1821.23,武汉
100471,122,2023-06-04,Clothing,1971.53,深圳
103508,388,2023-05-29,Electronics,381.31,深圳
101940,439,2023-09-07,Books,605.21,广州
103866,280,2023-10-05,Electronics,1733.93,西安
102107,125,2023-04-18,Clothing,121.17,广州
100869,21,2023-03-20,Food,1197.79,杭州
102560,384,2023-11-28,Electronics,86.01,北京
104437,122,2023-11-24,Clothing,1270.28,西安
101362,441,2023-11-18,Electronics,775.91,成都
104808,370,2023-07-25,Clothing,1888.87,杭州
102367,437,2023-09-23,Food,804.45,北京
104969,194,2023-11-09,Clothing,1180.1,深圳
102772,489,2023-02-05,Food,1742.41,深圳
102383,212,2023-10-02,Electronics,1981.97,北京
103351,114,2023-08-19,Clothing,799.99,武汉
104901,169,2023-04-22,Food,1355.74,北京
104914,378,2023-01-04,Books,1646.49,杭州
103846,197,2023-10-07,Clothing,1443.51,武汉
104818,249,2023-10-30,Books,1279.05,杭州
101537,102,2023-05-15,Clothing,109.07,武汉
104416,423,2023-08-13,Food,869.67,北京
100600,104,2023-12-19,Clothing,1765.47,杭州
100508,256,2023-08-11,Food,1136.05,上海
102322,171,2023-11-01,Electronics,1645.66,西安
100580,278,2023-01-22,Books,1097.24,武汉
104628,322,2023-04-01,Food,698.44,北京
100237,51,2023-12-18,Food,1093.49,成都
103871,358,2023-10-25,Books,1395.99,西安
104460,183,2023-08-06,Books,384.1,杭州
100282,364,2023-11-24,Books,586.14,武汉
100069,259,2023-09-08,Food,1811.62,北京
104497,424,2023-10-01,Electronics,1712.61,上海
101693,248,2023-01-15,Books,1270.75,北京
101773,86,2023-09-18,Books,1505.1,成都
100413,212,2023-12-20,Clothing,826.65,西安
104954,22,2023-06-30,Food,452.39,武汉
101539,88,2023-10-18,Electronics,38.09,武汉
102839,449,2023-05-20,Electronics,769.19,杭州
103913,131,2023-06-06,Food,577.56,西安
101838,103,2023-02-16,Electronics,849.15,北京
101939,435,2023-04-26,Electronics,1847.08,
101288,193,2023-12-03,Clothing,1793.04,广州
100577,150,2023-01-17,Food,457.44,杭州
104648,142,2023-02-09,Books,1768.91,武汉
101945,436,2023-12-30,Food,920.49,广州
104033,6,2023-03-22,Books,1521.5,北京
104593,259,2023-03-22,Electronics,455.76,武汉
104729,111,2023-02-20,Books,642.92,深圳
104768,299,2023-04-12,Clothing,377.65,西安
101822,391,2023-10-11,Electronics,1990.68,上海
101455,225,2023-09-25,Electronics,247.24,武汉
103292,1,2023-02-03,Clothing,1719.09,杭州
102664,116,2023-07-26,Books,1516.09,杭州
100921,119,2023-02-02,Food,745.18,北京
103088,117,2023-05-03,Electronics,1293.07,北京
100319,447,2023-05-09,Electronics,1285.95,成都
100839,72,2023-07-29,Electronics,516.04,深圳
101674,199,2023-04-30,Books,684.61,北京
104464,70,2023-10-28,,1778.43,武汉
103203,99,2023-06-21,Books,564.26,武汉
103677,122,2023-08-07,Books,1704.6,北京
101379,243,2023-06-27,Books,893.28,北京
101223,241,2023-04-29,Clothing,296.01,杭州
104859,71,2023-04-13,Electronics,784.29,杭州
104356,79,2023-07-28,Food,1154.98,上海
104736,214,2023-08-08,Food,280.85,西安
101445,474,2023-04-20,Books,739.26,广州
104750,224,2023-02-09,Electronics,490.07,杭州
104959,266,2023-07-09,Food,1878.75,武汉
104625,5,2023-05-31,Electronics,327.35,上海
101389,95,2023-04-16,Electronics,1334.45,成都
103361,50,2023-05-28,Food,1995.79,上海
102662,462,2023-11-03,Food,645.61,成都
104286,225,2023-08-07,Clothing,1554.05,成都
104351,58,2023-11-09,Clothing,1432.57,武汉
103220,6,2023-02-27,Food,1953.9,杭州
104568,233,2023-05-12,Food,497.31,北京
102436,355,2023-05-04,Books,1468.27,武汉
100080,137,2023-03-23,Electronics,771.26,北京
103407,354,2023-03-07,Clothing,1630.75,上海
103968,401,2023-11-11,Electronics,734.53,成都
102103,360,2023-02-14,Clothing,729.8,深圳
103434,50,2023-07-14,Books,1252.99,深圳
104978,149,2023-06-02,Electronics,1308.22,西安
104028,87,2023-11-21,Electronics,818.18,成都
101462,255,2023-04-29,Clothing,69.15,北京
101817,201,2023-11-10,Clothing,835.95,广州
100923,452,2023-01-24,Electronics,1961.37,成都
101610,271,2023-01-10,Books,1157.04,上海
103298,116,2023-01-12,Books,971.96,成都
102292,439,2023-04-23,Clothing,720.82,北京
102602,155,2023-06-07,Electronics,377.34,深圳
100374,222,2023-09-15,Electronics,1664.47,广州
100706,198,2023-08-13,Books,1938.51,武汉
104241,337,2023-08-11,Clothing,604.09,成都
101723,2,2023-08-07,Electronics,1709.18,成都
102164,447,2023-08-03,Clothing,1342.59,杭州
102852,495,2023-05-03,Food,1164.44,武汉
104427,64,2023-11-08,Electronics,,深圳
101207,236,2023-07-18,Electronics,18.18,北京
104365,338,2023-10-17,Electronics,128.69,武汉
101275,244,2023-09-30,Clothing,765.8,武汉
102883,50,2023-09-17,Books,1075.37,上海
100672,421,2023-07-22,Books,68.67,武汉
103267,106,2023-02-07,Food,1685.47,上海
101495,296,2023-09-13,Clothing,1325.0,西安
104116,368,2023-04-26,Books,694.14,杭州
103987,33,2023-11-20,Books,446.92,成都
104605,199,2023-01-05,Food,607.4,上海
104898,281,2023-03-11,Clothing,1472.44,武汉
103746,142,2023-12-01,Clothing,122.81,深圳
103503,209,2023-06-02,Clothing,51.21,武汉
103071,153,2023-05-14,Clothing,296.68,北京
104228,294,2023-08-18,Books,1847.48,上海
103495,138,2023-01-25,Electronics,1731.85,杭州
104050,293,2023-08-08,Electronics,156.64,武汉
102531,85,2023-09-26,Books,29.54,武汉
100786,10,2023-12-13,Electronics,1257.11,深圳
104551,136,2023-12-22,Clothing,353.06,上海
100077,499,2023-11-14,Clothing,1852.27,深圳
100826,165,2023-05-04,Food,1940.59,北京
102024,220,2023-11-02,Electronics,874.31,杭州
101107,288,2023-11-12,Clothing,492.21,杭州
103966,82,2023-07-18,Books,1571.97,深圳
101840,409,2023-12-07,Clothing,1450.78,北京
104553,196,2023-09-27,Books,207.44,武汉
101502,126,2023-06-08,Books,975.91,武汉
103065,243,2023-05-07,Clothing,1269.81,成都
101689,164,2023-03-14,Books,1787.09,杭州
101039,373,2023-01-05,Clothing,189.49,北京
100890,184,2023-09-15,Electronics,586.77,杭州
101279,490,2023-08-10,Food,676.59,杭州
103005,436,2023-05-10,Clothing,1031.71,北京
103890,439,2023-07-09,Food,1599.87,武汉
103824,49,2023-10-07,Electronics,478.07,西安
102416,66,2023-04-27,Clothing,302.33,北京
100701,328,2023-10-17,Electronics,1874.01,广州
100715,339,2023-05-25,Food,482.72,北京
103343,109,2023-03-17,Food,,杭州
100429,209,2023-12-01,Books,960.12,深圳
103543,219,2023-01-10,Electronics,1888.26,北京
102313,155,2023-06-06,Electronics,601.69,西安
102280,88,2023-06-11,Electronics,341.62,成都
103555,315,2023-03-05,Electronics,,成都
104230,354,2023-01-18,Food,1717.22,北京
101500,422,2023-05-27,Clothing,520.33,深圳
103101,22,2023-07-18,Electronics,,深圳
102447,38,2023-03-09,Books,1809.48,成都
104827,367,2023-10-05,Food,1920.47,杭州
102380,60,2023-08-13,Electronics,1795.32,成都
104323,255,2023-05-12,Clothing,800.55,深圳
100141,409,2023-05-13,Food,566.52,杭州
100342,19,2023-05-31,Clothing,97.17,深圳
100514,291,2023-07-19,Food,773.85,广州
102429,426,2023-10-26,Electronics,1317.55,广州
102818,49,2023-04-27,Books,1661.86,上海
103067,490,2023-06-13,Books,1970.72,深圳
102806,128,2023-04-26,Food,377.41,杭州
103085,385,2023-02-05,Books,807.11,北京
102835,106,2023-08-16,Clothing,1347.75,成都
100653,235,2023-02-13,Electronics,1015.8,武汉
102786,449,2023-08-30,Electronics,1903.11,杭州
100507,29,2023-11-23,Electronics,1408.66,上海
101614,177,2023-08-13,Clothing,1020.2,成都
104320,7,2023-05-19,Books,51.41,广州
100969,266,2023-01-08,Electronics,1839.16,杭州
100628,30,2023-05-06,Electronics,1850.01,上海
104619,472,2023-03-12,Clothing,1031.54,杭州
104052,246,2023-09-14,Food,1391.83,广州
101735,194,2023-06-10,Electronics,1567.47,北京
102250,139,2023-12-24,Clothing,1850.47,西安
104435,2,2023-05-08,Books,264.17,广州
103855,46,2023-06-03,Electronics,436.76,上海
102289,340,2023-09-07,Food,734.94,北京
101799,167,2023-10-28,Electronics,1139.48,北京
103813,102,2023-08-26,Books,1373.46,武汉
103668,423,2023-05-14,Clothing,25.13,杭州
104107,201,2023-03-25,Clothing,1139.3,深圳
101585,154,2023-03-18,Clothing,1371.78,杭州
100671,63,2023-01-22,Books,110.77,武汉
102566,265,2023-01-08,Books,838.59,北京
102563,161,2023-02-19,Food,1966.97,深圳
104265,204,2023-07-18,Clothing,178.44,深圳
100763,142,2023-11-24,Food,1724.37,杭州
104644,482,2023-06-12,Electronics,1501.41,广州
104630,32,2023-08-26,Clothing,445.94,杭州
101702,24,2023-03-24,Electronics,608.27,武汉
100459,93,2023-03-11,Books,755.18,武汉
102906,350,2023-07-11,Electronics,345.34,北京
104809,243,2023-06-13,Clothing,1338.88,武汉
100090,486,2023-12-07,Food,1250.08,上海
100431,465,2023-02-15,Clothing,1074.95,北京
104621,73,2023-01-18,Food,1006.59,上海
101000,243,2023-01-05,Clothing,848.83,广州
102050,86,2023-11-03,Food,1396.45,广州
104232,241,2023-04-12,Electronics,1181.84,武汉
101627,500,2023-02-24,Electronics,1648.98,北京
100761,262,2023-12-06,Food,1127.3,杭州
104579,139,2023-06-26,Food,1172.85,成都
103227,114,2023-05-04,Books,1223.12,广州
101486,86,2023-11-11,Food,733.04,武汉
101095,250,2023-12-20,Electronics,1194.51,杭州
104474,387,2023-09-24,Clothing,1891.44,上海
101792,117,2023-04-18,Books,475.11,西安
103258,25,2023-08-29,Clothing,1694.61,深圳
100412,98,2023-01-10,Books,634.25,广州
104109,188,2023-07-27,Food,1937.99,武汉
102424,13,2023-06-17,Food,676.62,武汉
100643,397,2023-06-09,Food,181.91,西安
103755,478,2023-05-08,Clothing,1851.71,深圳
100288,464,2023-06-28,Food,1457.48,广州
100696,406,2023-11-24,Books,1301.87,广州
101843,481,2023-08-08,Electronics,472.49,上海
101850,171,2023-03-31,,1956.26,西安
104623,117,2023-07-03,Clothing,829.06,广州
102081,104,2023-03-13,Books,1521.75,西安
101429,408,2023-10-14,Electronics,840.52,上海
101439,401,2023-03-05,Clothing,1179.33,深圳
101425,139,2023-12-17,Food,200.71,成都
101254,365,2023-09-14,Food,827.57,成都
101415,214,2023-04-02,Books,1814.52,深圳
100396,147,2023-10-02,Electronics,1695.87,武汉
100221,103,2023-03-09,Food,1066.4,杭州
101804,328,2023-06-05,Electronics,351.13,广州
102181,278,2023-08-12,Books,577.21,武汉
104637,115,2023-05-13,Food,769.85,北京
100856,28,2023-12-10,Electronics,407.81,广州
100358,486,2023-07-09,,893.44,上海
102920,416,2023-12-04,Electronics,1697.07,上海
102764,334,2023-06-19,Electronics,371.53,成都
100150,52,2023-04-10,Food,,广州
104134,496,2023-05-03,Books,747.73,西安
101176,420,2023-02-04,Books,1688.19,上海
103449,285,2023-12-23,Clothing,63.53,上海
101768,273,2023-07-13,Food,642.72,武汉
101568,146,2023-12-15,Electronics,794.4,上海
104670,3,2023-05-03,Books,293.13,武汉
104770,437,2023-02-27,Books,328.22,杭州
103040,238,2023-08-26,Books,313.84,武汉
101440,95,2023-12-10,Food,68.23,广州
101257,239,2023-09-22,Electronics,1051.48,上海
100950,132,2023-04-07,Electronics,1421.21,北京
104961,220,2023-01-20,Books,812.43,西安
100958,383,2023-04-28,Books,1568.39,
102176,190,2023-07-06,Electronics,610.87,杭州
102823,376,2023-07-01,Clothing,1130.14,北京
101059,371,2023-03-10,Food,1798.34,西安
104826,447,2023-11-13,Electronics,340.2,西安
101826,439,2023-04-10,Books,85.17,杭州
100086,92,2023-10-25,Food,86.13,武汉
103741,473,2023-07-18,Electronics,1631.2,成都
102421,260,2023-08-16,Electronics,1026.96,深圳
102689,329,2023-12-22,Electronics,921.9,西安
102252,327,2023-08-17,Electronics,1048.31,深圳
103036,231,2023-07-03,Books,747.18,杭州
101953,126,2023-01-18,Electronics,489.3,西安
104606,483,2023-10-08,Books,965.26,杭州
101073,311,2023-02-06,Electronics,,深圳
102982,93,2023-08-15,Electronics,1391.0,武汉
104895,304,2023-09-18,Clothing,430.44,武汉
102052,380,2023-07-23,Books,1372.54,上海
103181,58,2023-09-26,Food,1175.29,北京
103154,386,2023-10-03,Electronics,851.18,成都
102007,112,2023-06-06,Electronics,1871.47,西安
101485,354,2023-12-12,Clothing,678.58,成都
100662,111,2023-06-17,Clothing,191.51,深圳
101956,141,2023-11-20,Books,740.97,上海
103136,307,2023-06-24,Clothing,1703.68,广州
102568,89,2023-08-16,Electronics,558.3,深圳
100644,5,2023-07-08,Clothing,590.27,杭州
103708,213,2023-05-15,Books,328.7,西安
102437,186,2023-02-10,Food,1125.31,上海
100308,261,2023-07-05,Electronics,731.57,广州
102781,410,2023-09-17,Food,961.18,上海
101570,426,2023-12-29,Books,913.57,杭州
101018,269,2023-02-12,Electronics,532.28,广州
100438,8,2023-06-22,Food,1139.88,深圳
101962,202,2023-10-12,Books,137.22,上海
102037,109,2023-05-27,Books,567.52,上海
104195,273,2023-01-29,Food,799.67,西安
104332,120,2023-08-12,Clothing,931.91,广州
102165,95,2023-01-28,Electronics,1790.96,武汉
100698,194,2023-06-07,Food,263.42,北京
101390,76,2023-07-10,Books,1084.33,广州
102521,264,2023-10-12,Electronics,1843.25,武汉
101033,135,2023-02-10,Books,1254.39,杭州
102350,396,2023-05-02,Electronics,1800.59,广州
102167,247,2023-09-01,Clothing,1931.52,武汉
100915,465,2023-01-19,Food,1091.5,西安
101365,318,2023-06-21,Electronics,1034.33,成都
104262,494,2023-01-02,Books,1942.0,上海
102273,349,2023-01-26,Clothing,1918.35,深圳
103263,271,2023-09-08,Books,1105.13,武汉
102118,364,2023-04-27,Books,1863.59,杭州
101264,337,2023-05-30,Electronics,580.76,上海
104667,47,2023-03-24,Food,628.89,杭州
102216,43,2023-12-21,Clothing,542.51,西安
103083,268,2023-03-25,Clothing,192.8,成都
104591,427,2023-04-12,Food,1959.5,杭州
100182,475,2023-05-28,Books,1762.88,西安
102353,227,2023-07-11,Electronics,1847.87,成都
101422,326,2023-07-02,Electronics,586.81,上海
100729,89,2023-03-27,Clothing,1618.84,广州
104827,367,2023-10-05,Food,1920.47,杭州
101748,309,2023-06-25,Food,743.97,北京
101575,92,2023-05-03,Books,187.48,深圳
100971,116,2023-11-07,Clothing,914.97,武汉
101168,233,2023-07-29,Books,168.02,北京
103048,250,2023-12-07,Electronics,713.21,上海
104384,92,2023-12-12,Electronics,1981.44,广州
104561,14,2023-08-25,,1234.52,上海
102632,375,2023-01-19,Books,,上海
102337,76,2023-01-15,Food,919.59,
104530,430,2023-05-19,Electronics,414.16,深圳
102178,212,2023-07-30,Food,710.9,武汉
102308,149,2023-04-23,Electronics,951.62,成都
101167,312,2023-09-10,Clothing,441.58,西安
104760,482,2023-02-23,Books,1911.15,北京
104131,190,2023-08-28,Books,1833.11,杭州
100284,426,2023-12-20,Food,185.38,上海
101299,478,2023-01-20,Books,540.21,成都
100335,269,2023-07-04,Electronics,1907.27,北京
104009,19,2023-05-13,Food,100.35,成都
102924,207,2023-08-11,Books,173.95,北京
103208,327,2023-05-07,Clothing,1200.28,成都
101070,23,2023-03-08,Clothing,1748.25,深圳
100922,343,2023-04-16,Food,782.31,西安
102931,379,2023-09-18,Clothing,1022.4,北京
102587,289,2023-07-13,Electronics,651.52,上海
104564,453,2023-02-08,Books,996.27,广州
101966,288,2023-05-12,Electronics,178.37,上海
103197,471,2023-06-07,Books,1027.77,武汉
104784,386,2023-07-31,Electronics,347.6,北京
104158,237,2023-08-20,Clothing,1158.84,武汉
103252,121,2023-01-09,Clothing,1209.24,上海
102593,371,2023-07-11,Food,970.29,武汉
100865,398,2023-04-10,Food,903.14,上海
101635,185,2023-11-19,,311.71,武汉
102241,371,2023-06-04,Food,641.21,成都
103878,117,2023-11-02,Books,422.21,成都
103686,276,2023-08-15,Food,604.31,广州
100992,7,2023-12-12,Clothing,765.06,上海
104420,471,2023-06-01,Food,,
103364,495,2023-04-02,Electronics,1532.15,成都
102796,15,2023-08-29,Electronics,1472.55,广州
102990,186,2023-11-16,Food,1171.06,西安
104353,9,2023-06-06,Electronics,100.49,广州
102497,441,2023-04-28,Food,1604.56,成都
101784,92,2023-08-15,Clothing,538.59,上海
104484,386,2023-08-11,Electronics,1552.97,深圳
102965,289,2023-10-07,Electronics,49.39,西安
100000,328,2023-02-27,Electronics,1485.69,
100333,368,2023-03-15,Food,864.19,成都
100745,468,2023-07-28,Books,1521.39,成都
103405,362,2023-08-04,Food,1300.19,西安
102329,13,2023-09-16,Books,787.52,上海
102283,452,2023-02-09,,1361.61,北京
103949,419,2023-06-01,Clothing,751.62,上海
100401,66,2023-02-19,Books,752.66,成都
101590,59,2023-12-05,Books,367.31,广州
100105,234,2023-03-10,Books,1338.48,成都
100458,479,2023-02-05,Books,73.15,武汉
101181,133,2023-09-27,Food,1854.94,西安
102721,169,2023-09-17,Books,1033.26,杭州
104255,440,2023-03-06,Electronics,496.42,北京
102274,59,2023-01-28,Electronics,1154.71,深圳
103350,203,2023-05-16,Electronics,1066.18,北京
104737,335,2023-07-13,Clothing,296.2,上海
102709,229,2023-10-18,Clothing,496.94,广州
104283,118,2023-01-12,Clothing,402.56,武汉
103357,8,2023-12-17,Books,168.56,深圳
100084,180,2023-11-25,Books,1362.24,成都
101387,94,2023-03-31,Clothing,330.9,上海
104069,45,2023-03-29,Books,630.25,武汉
100267,446,2023-03-15,Books,148.47,北京
101937,324,2023-04-21,Books,590.08,武汉
101993,488,2023-08-08,Clothing,617.32,上海
102414,142,2023-11-09,Food,1907.05,西安
102523,83,2023-09-24,Electronics,340.73,西安
102660,293,2023-05-29,Clothing,1731.14,武汉
103233,106,2023-12-11,Books,878.93,成都
100657,39,2023-04-14,Clothing,1562.07,上海
102837,396,2023-11-18,,472.04,西安
102051,149,2023-01-24,Electronics,1590.84,深圳
101880,100,2023-08-12,Food,1544.83,成都
103576,223,2023-12-05,Food,196.06,武汉
100418,286,2023-06-02,Clothing,1883.56,杭州
101081,453,2023-02-23,Clothing,1587.0,武汉
102239,19,2023-10-01,,681.41,北京
101332,286,2023-05-01,Clothing,243.84,上海
100593,233,2023-09-07,Food,1168.09,上海
100893,70,2023-07-20,Food,1920.67,广州
104304,407,2023-04-06,Electronics,268.68,上海
102961,210,2023-09-23,Electronics,1240.99,广州
101820,123,2023-03-22,Food,1766.29,杭州
104778,153,2023-10-16,Books,128.4,武汉
104713,120,2023-06-08,Electronics,196.01,成都
103608,112,2023-08-18,Electronics,1783.89,杭州
101247,285,2023-07-16,Food,1681.53,广州
104805,462,2023-08-18,Food,1248.05,上海
104079,55,2023-02-27,Books,430.76,成都
103050,121,2023-09-23,Books,1609.21,武汉
101029,353,2023-09-09,Books,606.22,武汉
101531,295,2023-02-12,Electronics,324.07,广州
102062,333,2023-06-27,Food,655.88,杭州
101133,106,2023-12-01,Clothing,1166.25,深圳
100281,472,2023-02-09,Food,1155.76,武汉
104118,67,2023-03-28,Books,278.03,上海
102044,99,2023-12-27,Books,1851.75,上海
101592,161,2023-10-28,Books,1517.13,西安
100563,106,2023-05-23,Electronics,1158.92,广州
104229,215,2023-04-14,Books,1782.15,武汉
104733,289,2023-03-30,Food,526.52,武汉
103305,84,2023-11-16,Books,1897.5,上海
101025,269,2023-11-24,Food,1818.76,西安
104812,14,2023-01-03,Clothing,1323.09,杭州
103694,38,2023-05-02,Clothing,1288.87,上海
102778,303,2023-03-05,Electronics,1938.8,上海
102525,88,2023-11-17,Books,288.33,武汉
102845,432,2023-05-22,Food,1284.13,成都
101077,428,2023-06-05,Electronics,1889.76,上海
100949,466,2023-02-12,Food,1200.6,武汉
102034,330,2023-01-27,Food,229.01,成都
102163,141,2023-07-27,Electronics,603.69,西安
100127,289,2023-04-22,Books,1401.94,成都
102381,181,2023-04-10,Food,878.68,北京
102392,28,2023-06-27,Books,1413.95,西安
104990,44,2023-08-31,Food,499.55,北京
100336,200,2023-08-29,,1274.98,成都
100414,447,2023-02-01,Clothing,1042.18,成都
102705,256,2023-08-24,Electronics,1681.55,深圳
103076,146,2023-03-25,Clothing,652.38,北京
102059,21,2023-11-24,Clothing,1884.67,杭州
102432,434,2023-09-28,Electronics,1218.13,西安
100615,142,2023-11-27,Electronics,503.85,杭州
104814,362,2023-02-24,Electronics,714.13,深圳
102409,20,2023-11-12,Food,729.77,杭州
104535,49,2023-04-30,Electronics,1214.04,上海
104979,477,2023-07-24,Clothing,1681.75,上海
101265,65,2023-09-16,Electronics,1704.38,杭州
102738,29,2023-07-29,Food,1295.13,广州
103144,254,2023-03-15,Electronics,1392.93,杭州
103750,60,2023-04-17,Clothing,244.98,西安
100948,218,2023-03-10,Food,959.51,深圳
101754,169,2023-03-25,Electronics,914.06,北京
100582,231,2023-05-15,Food,1725.78,上海
101313,208,2023-03-02,,1616.14,西安
104086,170,2023-06-09,Electronics,1318.14,广州
104488,190,2023-06-11,Clothing,1124.95,武汉
102072,97,2023-10-19,Books,1887.28,广州
104501,72,2023-08-14,Electronics,441.9,成都
103716,368,2023-08-14,Electronics,1294.39,广州
103460,137,2023-09-24,Food,1773.91,广州
104344,272,2023-06-17,Food,1116.98,北京
104468,427,2023-12-17,Food,335.81,上海
104263,473,2023-10-21,Clothing,1889.32,杭州
101886,131,2023-05-07,Clothing,34.55,上海
103073,398,2023-03-17,Books,1255.52,广州
100535,171,2023-11-14,Books,1610.11,成都
101353,457,2023-10-30,Clothing,1828.37,北京
100648,487,2023-06-21,Electronics,1520.27,武汉
103666,266,2023-05-15,Books,1899.66,成都
100873,453,2023-04-20,Food,668.82,杭州
100777,272,2023-06-02,Books,117.58,广州
103410,69,2023-04-22,Food,1919.21,北京
103773,143,2023-01-31,Clothing,1202.14,北京
102976,341,2023-07-24,,1449.38,深圳
102814,61,2023-05-24,Food,681.14,广州
102205,57,2023-08-24,Electronics,223.08,杭州
101965,21,2023-03-07,Clothing,1308.75,上海
101273,28,2023-11-25,Food,1513.41,上海
103362,40,2023-03-21,Electronics,1707.53,北京
102359,397,2023-07-28,Electronics,688.02,西安
101473,260,2023-01-29,Books,534.15,武汉
104456,424,2023-10-12,,376.07,上海
101691,253,2023-09-18,Books,1899.22,杭州
101123,119,2023-07-14,Electronics,1808.71,西安
102725,254,2023-03-25,Clothing,140.46,武汉
102972,22,2023-08-24,Books,1424.26,深圳
103237,107,2023-04-22,Food,713.0,杭州
101504,70,2023-01-15,Food,1581.44,杭州
101416,15,2023-03-03,Food,991.17,上海
100966,315,2023-03-28,Electronics,725.88,北京
102667,391,2023-08-26,Clothing,1369.87,上海
100180,212,2023-01-28,Clothing,1041.69,西安
103996,500,2023-01-01,Clothing,1689.24,上海
103461,425,2023-11-01,Clothing,1907.7,武汉
104945,329,2023-05-10,Food,1996.66,西安
103917,231,2023-08-13,Books,1530.67,深圳
101450,43,2023-06-17,Books,240.29,杭州
103316,348,2023-12-18,Food,1335.46,上海
104223,397,2023-06-28,Books,1617.03,杭州
102500,257,2023-07-23,Books,94.15,杭州
103627,338,2023-03-29,Clothing,455.58,成都
100794,193,2023-11-24,Food,1544.79,北京
104534,208,2023-05-26,Books,904.52,
103082,255,2023-02-02,Electronics,288.42,上海
100038,302,2023-04-23,Electronics,151.28,北京
103041,215,2023-01-13,Clothing,1578.65,武汉
103044,112,2023-02-18,Electronics,788.67,广州
104348,267,2023-06-17,Books,1279.23,杭州
102378,283,2023-09-04,Electronics,780.38,武汉
102122,245,2023-06-10,Books,1656.23,广州
103296,296,2023-10-13,Food,1266.73,成都
100539,496,2023-10-22,Clothing,658.51,杭州
104922,491,2023-05-20,Clothing,1127.21,杭州
103818,94,2023-04-18,Food,1169.9,上海
103465,408,2023-12-22,Clothing,,深圳
102473,126,2023-03-12,Books,1745.51,深圳
104322,37,2023-11-10,Food,387.04,西安
101490,304,2023-06-22,Food,143.87,西安
103525,200,2023-02-18,Books,1921.87,武汉
100263,115,2023-02-25,Food,1692.29,成都
101775,270,2023-12-22,Books,1434.14,西安
104049,292,2023-10-23,Electronics,1291.81,武汉
102438,469,2023-07-05,Books,1214.38,西安
104261,98,2023-06-19,Food,1259.73,西安
102508,52,2023-05-16,Books,759.4,武汉
104948,111,2023-07-28,Electronics,1175.28,广州
103709,177,2023-01-13,Clothing,1536.2,武汉
103836,346,2023-10-30,Food,1585.01,武汉
100825,437,2023-09-11,Clothing,158.98,西安
100206,75,2023-05-06,Books,1136.2,广州
101947,460,2023-03-16,Clothing,444.09,深圳
104225,246,2023-01-04,Electronics,12.37,武汉
103969,412,2023-10-30,Books,369.41,西安
103856,301,2023-05-08,Food,1325.75,广州
103679,357,2023-11-26,Electronics,574.12,上海
100524,228,2023-07-04,Food,213.44,上海
104319,157,2023-09-15,Books,1022.06,成都
100689,47,2023-01-29,Clothing,1207.31,北京
103624,233,2023-09-02,Electronics,811.29,西安
101815,236,2023-08-25,Electronics,1477.21,杭州
103130,165,2023-11-24,Food,819.93,
100602,43,2023-07-10,Clothing,113.06,杭州
103032,145,2023-03-24,Electronics,132.62,西安
103583,438,2023-01-16,Clothing,962.05,深圳
102653,207,2023-01-17,Electronics,1266.45,成都
102515,107,2023-09-08,Clothing,176.94,武汉
103552,407,2023-09-28,Books,1562.68,成都
103023,96,2023-02-16,Electronics,17.64,深圳
100392,98,2023-03-23,Books,1991.98,西安
104075,366,2023-10-09,Electronics,370.06,武汉
104142,94,2023-02-27,Clothing,36.96,杭州
103282,172,2023-11-10,Books,700.38,成都
104242,386,2023-05-15,Food,1493.2,杭州
103442,62,2023-05-24,Books,1787.27,上海
104683,12,2023-08-30,Clothing,1120.64,西安
101174,495,2023-08-22,Food,1863.64,上海
102397,139,2023-05-23,Books,607.82,上海
101371,258,2023-12-15,Books,561.52,上海
101863,325,2023-03-14,Clothing,259.87,广州
100867,143,2023-10-12,Food,268.83,杭州
103464,193,2023-10-02,Books,1855.22,上海
101927,175,2023-10-31,Clothing,1491.79,上海
102791,422,2023-03-22,Books,353.12,广州
101334,142,2023-01-28,Clothing,234.23,广州
101239,232,2023-09-30,Food,786.07,西安
100357,186,2023-07-16,Electronics,1214.14,西安
100072,83,2023-08-15,Books,1126.2,上海
101828,249,2023-08-25,Electronics,174.27,深圳
103348,473,2023-06-11,Clothing,904.05,杭州
100547,279,2023-01-19,Food,1406.25,上海
104943,100,2023-12-11,Food,568.42,深圳
101368,288,2023-12-30,Clothing,285.43,成都
104270,209,2023-04-17,Electronics,47.25,深圳
103973,195,2023-01-08,Food,1955.78,北京
101408,34,2023-10-30,Books,186.01,武汉
100144,230,2023-01-09,Electronics,595.53,武汉
100155,59,2023-02-03,Books,988.58,北京
104981,375,2023-10-16,,443.28,上海
102433,163,2023-05-18,Clothing,1673.66,杭州
102237,296,2023-01-11,Food,45.49,北京
104881,298,2023-04-23,Books,1071.92,杭州
104905,435,2023-01-12,Food,1146.29,广州
100665,285,2023-10-09,Clothing,198.5,上海
103615,380,2023-09-13,Clothing,1831.19,上海
102704,143,2023-11-08,Electronics,1303.49,成都
104036,17,2023-08-13,Food,97.21,西安
102724,250,2023-01-04,Food,1787.8,西安
100079,92,2023-06-20,Books,1606.45,深圳
102785,118,2023-12-26,Electronics,1304.36,武汉
103482,82,2023-02-13,Clothing,1204.69,西安
101085,423,2023-06-15,Clothing,1130.66,深圳
101344,75,2023-04-21,Books,364.34,成都
100719,42,2023-08-31,Electronics,623.62,武汉
104115,201,2023-04-11,Food,1213.27,深圳
104190,178,2023-10-14,Clothing,1437.54,广州
104543,354,2023-10-30,Food,208.41,深圳
101325,125,2023-10-25,Electronics,275.41,武汉
100016,118,2023-01-17,Food,808.32,上海
101694,138,2023-10-11,Electronics,500.17,广州
102158,20,2023-10-07,Clothing,1897.58,广州
102657,385,2023-05-26,Books,1979.46,武汉
103084,498,2023-07-02,Food,171.51,成都
101250,337,2023-08-12,Clothing,178.48,武汉
102975,488,2023-07-18,Books,733.48,成都
104057,425,2023-01-06,Electronics,991.53,武汉
104904,205,2023-01-13,Food,1599.65,成都
103843,182,2023-02-24,Books,1166.26,武汉
100842,475,2023-11-21,Electronics,1546.57,西安
104927,53,2023-07-14,Food,1766.14,广州
104612,77,2023-01-10,Clothing,1275.48,北京
103733,71,2023-10-24,Clothing,270.03,北京
102847,7,2023-02-21,Books,493.06,西安
100501,413,2023-04-02,Electronics,1836.92,广州
103356,288,2023-06-18,Clothing,1094.68,深圳
102047,215,2023-10-09,Food,1784.26,成都
100063,451,2023-05-06,Food,577.12,西安
101736,471,2023-08-15,Electronics,609.93,武汉
104511,393,2023-11-29,Books,825.62,成都
101435,354,2023-02-27,Electronics,47.42,西安
103211,131,2023-11-07,Electronics,512.55,武汉
100549,289,2023-11-27,Books,1933.95,成都
100594,375,2023-08-23,Food,1701.71,武汉
101672,391,2023-03-12,Books,1525.74,西安
101541,98,2023-05-17,Food,1495.42,武汉
101859,434,2023-06-19,Food,492.08,北京
100029,79,2023-07-11,Clothing,1083.36,北京
101851,35,2023-06-21,Electronics,1220.98,西安
101971,311,2023-10-03,Clothing,1378.98,北京
102710,354,2023-11-30,Clothing,464.4,西安
102394,157,2023-10-11,Clothing,254.27,广州
101813,142,2023-04-14,Electronics,1982.26,西安
100503,408,2023-07-23,Electronics,752.37,武汉
100843,235,2023-12-04,Clothing,1928.07,北京
103600,102,2023-04-14,Books,471.91,广州
104991,230,2023-11-12,Books,823.99,武汉
101223,241,2023-04-29,Clothing,296.01,杭州
101173,83,2023-12-11,Food,1226.07,广州
103953,216,2023-10-09,Clothing,398.02,杭州
104752,384,2023-03-08,Books,1460.0,广州
102696,76,2023-11-08,Food,1719.7,杭州
102923,230,2023-04-12,Food,1889.05,武汉
104731,421,2023-02-07,Food,1011.48,成都
101523,153,2023-04-18,Clothing,1832.62,成都
100022,79,2023-11-18,Clothing,,
100601,82,2023-05-21,,1312.63,杭州
104886,450,2023-08-01,Food,1793.23,西安
103763,431,2023-10-30,Clothing,1404.25,成都
100247,230,2023-07-05,Electronics,909.49,深圳
100278,4,2023-09-12,Books,359.63,武汉
102175,179,2023-04-18,Clothing,1943.77,北京
104252,59,2023-09-03,Electronics,963.07,杭州
103360,83,2023-08-07,Clothing,1461.03,成都
100878,264,2023-09-18,Books,978.74,杭州
103209,94,2023-11-28,Books,756.25,武汉
103595,454,2023-03-13,Books,1528.3,武汉
102853,418,2023-07-21,Electronics,701.14,西安
102770,97,2023-03-17,Clothing,623.88,上海
103887,251,2023-08-15,Food,1079.66,北京
101978,325,2023-12-23,Clothing,1431.75,广州
104747,220,2023-05-12,Electronics,635.4,成都
103354,255,2023-10-25,Clothing,1072.84,杭州
103838,297,2023-12-10,Books,1332.52,北京
100190,421,2023-01-02,,1454.84,西安
103387,446,2023-03-12,Electronics,731.44,上海
104708,468,2023-02-24,Books,1205.37,上海
102271,100,2023-05-31,Clothing,811.36,杭州
101722,497,2023-12-21,Food,1364.55,西安
102782,484,2023-08-22,Electronics,24.44,武汉
101871,11,2023-07-15,Books,1709.54,杭州
101151,286,2023-07-18,Electronics,387.8,西安
102555,3,2023-10-28,Food,663.62,成都
102262,500,2023-08-20,Clothing,1562.24,深圳
102947,146,2023-10-19,Food,225.9,上海
100951,296,2023-09-25,Electronics,1044.33,武汉
103422,156,2023-11-26,Clothing,904.19,杭州
102199,48,2023-02-17,Electronics,880.47,广州
100626,499,2023-03-21,Food,787.56,上海
101553,477,2023-06-23,Books,272.52,成都
103131,191,2023-08-28,Food,1536.95,广州
100691,413,2023-03-08,Food,1436.71,成都
104793,169,2023-12-16,Electronics,459.81,武汉
100819,248,2023-09-07,Electronics,1776.31,西安
100963,477,2023-07-25,Food,1426.1,北京
101654,366,2023-07-13,Clothing,219.4,深圳
103034,7,2023-12-12,Electronics,643.61,成都
104615,193,2023-10-22,Food,573.93,杭州
104269,100,2023-06-08,Books,592.58,杭州
102739,500,2023-08-22,Food,48.76,深圳
101617,408,2023-08-30,Clothing,1247.47,杭州
103075,234,2023-05-22,Clothing,1415.53,
100478,288,2023-07-31,Books,1119.0,广州
102115,31,2023-11-25,Electronics,1212.31,广州
101788,129,2023-06-04,Food,389.38,广州
101677,288,2023-11-27,Electronics,1291.39,上海
102331,431,2023-10-07,Food,1645.16,西安
102180,220,2023-07-11,Clothing,1109.98,广州
100528,150,2023-07-31,Books,1560.55,深圳
102030,206,2023-01-20,Food,1980.89,广州
100534,235,2023-02-24,Clothing,616.27,武汉
102809,297,2023-01-18,Books,,深圳
100477,154,2023-12-29,Clothing,1613.49,北京
102552,438,2023-08-27,Food,1459.7,深圳
101110,98,2023-06-14,Food,1191.82,北京
104965,488,2023-05-12,Clothing,1213.62,武汉
100076,350,2023-05-08,Electronics,713.82,武汉
103974,390,2023-10-20,Food,1869.7,上海
102582,80,2023-10-03,Clothing,,武汉
103355,400,2023-03-01,Clothing,1852.0,武汉
104803,302,2023-07-10,Food,328.51,北京
100367,407,2023-07-05,Clothing,251.51,深圳
104187,227,2023-05-15,Clothing,298.85,深圳
103408,496,2023-12-10,Clothing,273.57,北京
103108,472,2023-09-09,Books,1126.05,杭州
100136,326,2023-08-24,Clothing,876.62,杭州
101142,365,2023-11-29,Food,376.11,武汉
103699,198,2023-10-28,Books,296.7,深圳
103391,416,2023-12-31,Food,1813.58,杭州
100142,285,2023-01-06,Clothing,180.37,武汉
103772,64,2023-07-05,Clothing,963.83,西安
103816,488,2023-01-26,Books,964.98,杭州
100216,467,2023-11-07,Books,1667.35,杭州
103234,165,2023-01-11,Books,1020.04,武汉
101726,25,2023-05-23,Books,1069.5,成都
103489,121,2023-07-31,Clothing,1597.42,深圳
100315,120,2023-10-01,Clothing,625.84,西安
101909,14,2023-11-05,Electronics,1739.32,杭州
104000,237,2023-02-06,Books,1191.36,北京
103327,124,2023-08-25,Clothing,1409.44,北京
100313,370,2023-08-13,Electronics,827.61,深圳
103278,21,2023-09-03,Electronics,711.44,深圳
101122,443,2023-02-25,Electronics,592.07,武汉
101200,212,2023-02-14,Books,1755.33,成都
100480,473,2023-08-19,,194.0,深圳
104245,386,2023-11-08,Clothing,1669.23,杭州
100699,486,2023-12-26,Books,1703.01,北京
104506,441,2023-07-17,Books,486.42,西安
103135,456,2023-01-22,Food,1017.64,广州
102451,380,2023-08-12,Food,1517.74,广州
103314,479,2023-12-24,,1983.76,北京
104440,284,2023-06-16,Clothing,370.08,杭州
101306,284,2023-01-21,Books,1324.86,杭州
100731,104,2023-11-18,Clothing,1669.88,杭州
104984,153,2023-03-23,Clothing,600.73,北京
104677,453,2023-11-19,Books,1769.37,广州
101837,393,2023-04-14,Clothing,755.54,深圳
103123,364,2023-05-25,Books,413.37,杭州
101827,59,2023-12-30,Clothing,660.95,西安
103568,80,2023-07-23,Electronics,919.79,武汉
100075,158,2023-07-06,Electronics,1798.86,深圳
104180,24,2023-09-19,Clothing,784.29,西安
103261,366,2023-05-08,Clothing,1283.87,
104722,83,2023-04-27,Books,47.53,杭州
104156,446,2023-11-28,Electronics,1386.09,武汉
100962,114,2023-07-09,,1221.97,武汉
102104,436,2023-01-09,Food,1121.17,广州
102614,197,2023-12-01,Clothing,857.17,杭州
100246,65,2023-08-04,Electronics,1493.87,西安
104837,87,2023-06-03,Books,,武汉
101524,451,2023-11-26,Books,1580.74,杭州
100454,68,2023-09-20,Books,919.03,北京
103455,428,2023-12-18,Books,316.32,上海
103814,196,2023-11-05,Food,213.09,武汉
102862,433,2023-09-13,Electronics,674.19,深圳
102681,442,2023-07-17,Electronics,1568.26,杭州
103457,192,2023-01-18,Clothing,1372.03,武汉
101888,266,2023-04-07,Books,339.99,武汉
103558,294,2023-04-04,Electronics,1432.16,西安
104147,398,2023-06-12,Food,434.85,北京
101023,281,2023-08-16,Clothing,1939.39,广州
101039,373,2023-01-05,Clothing,189.49,北京
101645,330,2023-04-16,Books,1397.97,武汉
102700,301,2023-09-14,Food,1051.44,武汉
102865,388,2023-07-15,Clothing,536.71,西安
101931,409,2023-12-14,Clothing,1044.31,深圳
101853,120,2023-01-11,Electronics,624.61,武汉
103453,32,2023-12-05,Books,458.99,广州
101336,28,2023-11-27,Food,577.28,武汉
102131,491,2023-07-23,Clothing,635.8,武汉
101189,352,2023-06-20,Food,798.14,
102534,276,2023-08-23,Food,198.48,西安
101844,183,2023-06-15,,39.84,成都
101295,56,2023-03-15,Books,444.59,上海
102950,58,2023-04-28,Electronics,1667.86,广州
100181,321,2023-08-15,Electronics,415.08,广州
100145,355,2023-05-05,Food,1331.28,成都
101038,96,2023-02-22,Food,545.7,西安
104554,111,2023-01-26,Books,33.88,武汉
100999,439,2023-07-15,Clothing,300.23,广州
104446,118,2023-07-07,Clothing,719.68,广州
104085,261,2023-10-25,Books,1799.44,杭州
101246,280,2023-04-19,Clothing,954.99,深圳
100624,217,2023-12-26,Books,174.03,广州
101222,50,2023-08-22,Food,1372.11,西安
101869,204,2023-07-13,Clothing,946.72,武汉
104593,259,2023-03-22,Electronics,455.76,武汉
103095,298,2023-07-08,Clothing,800.39,广州
100364,232,2023-03-30,Books,1994.55,成都
100918,340,2023-05-03,Clothing,1516.84,广州
103325,184,2023-09-18,Food,594.37,武汉
102346,67,2023-12-24,Food,1181.82,成都
103398,323,2023-01-09,Books,444.65,广州
101221,291,2023-03-09,Electronics,1627.57,西安
100344,418,2023-10-06,Books,514.09,深圳
101128,121,2023-09-14,Food,1625.67,杭州
102915,99,2023-11-05,Clothing,1994.71,成都
101647,200,2023-03-06,Food,435.33,杭州
100193,446,2023-04-07,Clothing,1147.88,深圳
104941,431,2023-01-09,Clothing,1253.55,西安
102562,43,2023-08-03,Electronics,121.54,北京
101405,111,2023-08-16,Books,1609.33,杭州
102762,294,2023-08-28,Clothing,1506.3,武汉
104376,271,2023-09-02,Food,1419.41,北京
104764,32,2023-08-05,Electronics,1738.02,西安
104653,413,2023-09-19,Food,1006.19,西安
104061,113,2023-04-24,Food,668.75,上海
102066,276,2023-12-03,Electronics,1447.98,武汉
100208,318,2023-12-16,Clothing,1000.36,广州
104555,230,2023-12-22,Clothing,121.62,广州
101269,401,2023-12-25,Clothing,974.99,北京
104863,217,2023-12-21,Clothing,1582.18,杭州
104040,25,2023-01-05,Books,582.81,深圳
102537,146,2023-08-07,Food,740.88,武汉
100728,463,2023-01-18,Clothing,249.36,西安
102843,124,2023-12-07,Books,1675.05,武汉
101885,134,2023-11-06,Books,1889.09,广州
102878,285,2023-10-10,Clothing,830.52,武汉
101118,281,2023-09-05,Clothing,1393.19,北京
104273,364,2023-12-29,Clothing,1142.47,杭州
103229,344,2023-06-07,Books,1163.48,武汉
103025,244,2023-04-12,Books,1214.86,广州
101004,231,2023-06-21,Food,728.31,杭州
101474,316,2023-12-13,Food,1535.28,杭州
100276,307,2023-01-29,Electronics,416.8,深圳
100330,122,2023-06-04,Electronics,,武汉
103944,86,2023-03-16,Electronics,99.12,上海
101521,440,2023-08-15,Books,25.65,武汉
101563,434,2023-03-17,Electronics,705.71,深圳
101278,493,2023-09-29,Electronics,203.75,成都
100919,229,2023-03-23,Clothing,1137.05,广州
102637,196,2023-09-20,Electronics,682.17,杭州
102257,498,2023-09-11,Electronics,432.83,深圳
100583,225,2023-03-02,Clothing,427.66,成都
102635,471,2023-09-26,Books,,
101764,195,2023-12-02,Electronics,683.38,深圳
103316,348,2023-12-18,Food,1335.46,上海
100327,389,2023-12-28,Books,902.72,北京
102173,325,2023-08-19,Electronics,82.61,深圳
102501,155,2023-01-13,Clothing,1266.8,深圳
100917,69,2023-08-26,Electronics,799.6,北京
104861,236,2023-04-02,Books,945.04,武汉
102470,142,2023-08-21,Electronics,1416.55,成都
101743,464,2023-10-21,Clothing,1278.35,杭州
101335,351,2023-08-31,Books,360.88,北京
101475,165,2023-02-01,Electronics,1185.02,广州
101194,476,2023-01-29,Food,1134.24,成都
104589,44,2023-08-12,Food,96.79,武汉
102539,53,2023-04-21,Food,364.87,上海
101638,484,2023-01-16,Books,299.71,
104539,474,2023-05-15,Electronics,1313.87,广州
102341,179,2023-12-28,,1030.96,广州
104843,471,2023-06-25,Electronics,1926.12,成都
101062,375,2023-08-28,Food,1736.65,广州
104068,172,2023-10-16,Books,653.32,广州
100982,112,2023-10-21,Food,373.74,深圳
102377,14,2023-04-11,Books,1367.06,北京
102480,450,2023-06-03,Clothing,1751.33,西安
101051,8,2023-03-27,Food,1173.55,武汉
102911,457,2023-08-14,Clothing,1019.58,西安
103532,69,2023-01-30,Electronics,629.34,上海
104370,461,2023-02-12,Food,1273.65,武汉
101112,320,2023-03-16,Books,99.31,深圳
103623,253,2023-12-26,Books,811.53,上海
103629,348,2023-12-04,Food,39.52,成都
104601,63,2023-05-10,Electronics,818.33,北京
103246,47,2023-12-29,Clothing,193.83,北京
103796,94,2023-06-28,Food,899.17,
104271,340,2023-08-19,Books,1013.83,武汉
103933,448,2023-10-03,Books,1609.77,武汉
102980,154,2023-11-16,Books,111.26,深圳
101756,239,2023-11-16,Clothing,485.65,成都
104154,222,2023-09-16,Books,526.93,西安
100456,131,2023-01-02,Clothing,1160.84,北京
104680,421,2023-09-26,Food,1736.0,北京
103613,232,2023-04-15,Food,1665.68,武汉
104361,100,2023-10-06,Books,385.22,上海
103185,75,2023-12-08,Clothing,1717.11,广州
100988,252,2023-04-04,Food,,广州
103120,111,2023-02-03,Books,1359.26,北京
101318,464,2023-06-07,Electronics,917.81,广州
102756,131,2023-11-06,Electronics,289.14,武汉
103021,324,2023-06-19,Electronics,1229.0,北京
101216,277,2023-08-16,Electronics,268.85,西安
102325,70,2023-04-25,Clothing,608.78,杭州
101939,435,2023-04-26,Electronics,1847.08,
102820,158,2023-08-20,Books,1111.06,上海
103904,406,2023-05-15,Clothing,1280.8,武汉
102235,256,2023-01-24,Food,848.26,上海
101418,322,2023-12-18,Books,1948.77,上海
104935,386,2023-01-16,Electronics,920.71,成都
104850,478,2023-09-28,Clothing,928.19,北京
104672,54,2023-11-01,Books,1106.01,北京
103556,232,2023-12-20,Electronics,1215.31,北京
104970,111,2023-06-14,Books,1731.67,武汉
103964,189,2023-10-15,Clothing,865.49,深圳
101108,398,2023-08-09,Food,1372.63,上海
102405,440,2023-10-01,Books,853.43,杭州
104801,488,2023-01-29,Electronics,293.86,西安
104471,142,2023-09-21,Food,1242.31,西安
102316,240,2023-07-01,Books,938.44,武汉
104121,137,2023-12-11,,211.81,北京
101128,121,2023-09-14,Food,1625.67,杭州
101783,412,2023-09-12,Food,553.31,北京
103020,378,2023-06-24,Electronics,320.93,西安
100044,345,2023-12-01,Electronics,130.62,成都
102673,12,2023-11-04,Books,1108.59,深圳
101662,496,2023-12-27,Electronics,1392.0,西安
101214,282,2023-06-13,Food,291.7,杭州
100793,109,2023-01-12,Clothing,255.09,北京
104256,155,2023-05-23,Books,1698.03,武汉
102973,206,2023-03-06,Food,424.12,武汉
101684,196,2023-05-12,Electronics,238.14,上海
100641,62,2023-09-15,Electronics,366.9,北京
104870,87,2023-04-23,Food,697.25,成都
101949,348,2023-03-17,Books,1901.29,武汉
104994,252,2023-05-12,Electronics,1424.53,成都
101595,447,2023-12-11,Electronics,873.26,北京
104973,7,2023-06-04,Electronics,501.65,广州
104438,254,2023-03-22,Books,1547.08,深圳
101463,426,2023-02-04,Books,1359.43,广州
102194,425,2023-01-27,Books,266.45,武汉
104419,219,2023-07-10,Electronics,104.73,杭州
102330,154,2023-07-27,Books,1965.57,深圳
101230,123,2023-11-14,Clothing,1100.42,西安
100230,466,2023-12-25,Food,1301.99,上海
100464,127,2023-08-24,,318.69,深圳
102162,139,2023-05-10,Clothing,176.35,上海
100605,68,2023-10-31,Clothing,1043.69,西安
102669,97,2023-11-22,Electronics,1241.56,广州
101938,31,2023-06-20,Clothing,1657.49,深圳
102093,179,2023-02-23,Food,1833.31,成都
101528,216,2023-11-05,Food,911.99,北京
102127,97,2023-10-10,Clothing,1280.39,北京
103336,382,2023-12-29,Books,1320.23,广州
100610,36,2023-09-29,Electronics,1224.54,广州
104127,187,2023-09-30,Clothing,457.58,杭州
103491,402,2023-10-23,Books,1461.9,北京
103892,359,2023-05-29,Electronics,225.71,成都
102138,494,2023-09-14,Food,900.49,广州
101620,483,2023-09-10,Food,477.09,北京
100226,47,2023-07-22,Electronics,536.27,上海
104900,395,2023-09-20,Books,1021.09,武汉
100607,356,2023-03-09,Books,150.95,武汉
103241,196,2023-01-11,Books,878.22,西安
102287,387,2023-03-17,Electronics,208.99,成都
103609,158,2023-05-16,Electronics,1454.71,广州
103452,101,2023-04-18,Clothing,273.93,西安
102003,488,2023-01-27,Books,996.06,广州
100360,128,2023-02-28,Electronics,1473.99,西安
103561,426,2023-10-10,Books,188.41,杭州
100800,215,2023-02-23,Electronics,572.59,上海
103207,298,2023-09-24,Clothing,243.25,杭州
104321,6,2023-07-11,Books,1534.25,成都
104682,175,2023-04-25,Food,1064.92,上海
104767,455,2023-06-25,Electronics,1883.31,杭州
101366,455,2023-01-27,Electronics,772.08,西安
104923,338,2023-05-06,Electronics,1397.78,上海
101342,378,2023-07-31,Clothing,757.31,深圳
101407,74,2023-04-17,Food,954.48,成都
100445,158,2023-03-23,Books,1375.29,
101267,8,2023-02-27,Clothing,1821.16,广州
102599,497,2023-02-16,Food,1587.8,广州
100095,156,2023-05-27,Clothing,865.48,成都
102427,477,2023-03-18,Electronics,221.4,
103894,5,2023-12-22,Books,328.93,广州
103558,294,2023-04-04,Electronics,1432.16,西安
101115,445,2023-05-28,Electronics,693.11,上海
104459,248,2023-09-20,Electronics,212.04,上海
101916,311,2023-04-10,Clothing,1741.02,北京
104294,30,2023-08-13,Books,1833.42,杭州
104054,158,2023-10-25,Food,1725.16,北京
101678,99,2023-11-13,Electronics,1915.01,深圳
101507,161,2023-11-05,Food,1735.67,武汉
104932,266,2023-11-24,Electronics,913.98,武汉
100051,136,2023-08-21,Food,851.78,西安
100448,213,2023-12-26,Books,1517.13,深圳
104580,58,2023-07-15,Electronics,271.51,上海
101868,140,2023-09-04,Electronics,1902.52,成都
104166,62,2023-08-06,Electronics,1212.39,深圳
104915,313,2023-05-15,Clothing,816.4,杭州
102893,170,2023-04-30,Books,297.02,成都
100218,318,2023-05-09,Clothing,1260.21,北京
104035,465,2023-06-27,Food,885.91,成都
100725,498,2023-10-29,Clothing,1111.67,武汉
101766,339,2023-03-29,Books,1757.99,上海
100001,115,2023-03-13,Electronics,1356.63,上海
102942,130,2023-11-04,Electronics,1256.81,武汉
101748,309,2023-06-25,Food,743.97,北京
102737,391,2023-08-02,Electronics,1526.82,武汉
101024,303,2023-11-02,Books,1265.78,武汉
103426,57,2023-05-18,Food,1048.84,上海
102850,311,2023-09-23,Books,93.78,上海
103958,170,2023-01-11,Electronics,877.46,武汉
102412,226,2023-01-05,Books,83.64,成都
102608,205,2023-06-17,Food,1641.38,武汉
100913,373,2023-02-08,Electronics,1700.68,北京
102901,50,2023-06-09,Food,363.05,武汉
102606,343,2023-07-12,Books,1415.39,上海
102585,134,2023-01-17,Electronics,1038.89,广州
101020,378,2023-05-26,Books,1256.7,广州
100876,491,2023-01-21,Food,768.93,上海
100928,250,2023-09-04,Electronics,1008.66,广州
102530,242,2023-08-25,Clothing,1873.04,广州
102065,375,2023-05-24,Clothing,519.41,北京
100235,316,2023-07-28,Food,75.11,成都
102505,11,2023-01-08,Clothing,200.16,武汉
103877,243,2023-02-10,Books,1368.7,北京
103794,252,2023-06-03,Clothing,1604.04,广州
100809,448,2023-01-21,Food,726.83,成都
102238,467,2023-08-25,Food,270.81,武汉
100290,309,2023-03-20,Electronics,362.52,西安
104498,22,2023-05-26,Food,131.38,广州
101240,101,2023-04-16,Food,606.47,杭州
100860,381,2023-11-28,Books,482.81,杭州
104525,392,2023-05-19,Food,1511.25,成都
104719,69,2023-04-30,Food,1532.5,西安
101598,156,2023-11-13,Food,1384.42,武汉
100622,9,2023-10-28,Electronics,37.45,深圳
101316,335,2023-01-10,Books,1815.29,北京
103925,264,2023-02-05,Books,886.68,杭州
104828,30,2023-09-24,Food,1276.71,成都
101996,85,2023-10-22,Electronics,178.32,杭州
103934,301,2023-09-28,,1770.75,北京
103153,16,2023-05-11,Books,1723.74,武汉
104024,375,2023-01-15,Electronics,1780.07,上海
104454,416,2023-10-13,Electronics,711.73,广州
101083,478,2023-06-30,Food,1104.66,成都
100013,344,2023-05-17,Electronics,1222.17,广州
103697,325,2023-11-21,Books,1115.54,广州
103580,293,2023-06-22,Electronics,511.34,深圳
104974,26,2023-09-25,Food,1791.47,深圳
100213,102,2023-07-16,Books,222.24,武汉
102315,50,2023-03-12,Books,1391.33,成都
104477,420,2023-03-12,Food,1062.34,深圳
101091,49,2023-01-20,Books,717.75,广州
102857,411,2023-01-15,Books,1700.37,杭州
102999,230,2023-01-11,Books,1893.74,成都
103534,116,2023-04-29,Books,1064.48,成都
100747,70,2023-09-26,Electronics,355.74,深圳
104598,10,2023-10-08,Books,504.85,杭州
100550,495,2023-08-09,Electronics,30.99,杭州
100494,87,2023-03-13,Books,376.26,北京
100888,200,2023-12-11,Electronics,1074.32,上海
104934,282,2023-03-31,Food,1667.52,成都
100935,457,2023-10-21,Clothing,121.26,杭州
103231,210,2023-12-31,Books,890.63,武汉
103157,43,2023-05-06,Electronics,914.83,成都
100103,399,2023-08-06,,360.01,西安
104563,56,2023-04-15,Books,1137.08,西安
104409,317,2023-11-01,Books,531.2,上海
101388,22,2023-06-12,Clothing,887.37,成都
102449,173,2023-06-22,Electronics,1988.33,北京
101699,335,2023-03-27,Electronics,129.75,西安
102056,451,2023-09-20,Books,1012.6,杭州
103189,209,2023-01-31,Books,95.39,
100047,448,2023-02-08,Books,1617.96,上海
102533,160,2023-12-26,Clothing,406.54,上海
102651,178,2023-08-16,Clothing,929.28,西安
103671,25,2023-04-12,Food,1168.13,杭州
100987,318,2023-06-11,Books,1797.26,杭州
100877,198,2023-05-12,Food,59.16,成都
102923,230,2023-04-12,Food,1889.05,武汉
101327,4,2023-01-04,Clothing,1853.01,杭州
103501,80,2023-12-11,Electronics,291.59,武汉
102137,453,2023-04-21,Clothing,1539.96,广州
104051,368,2023-08-13,Books,532.91,深圳
104083,470,2023-05-02,Books,1074.61,深圳
101534,410,2023-05-25,Clothing,177.95,成都
104481,218,2023-09-12,Clothing,1050.91,武汉
103128,307,2023-07-08,Books,1643.22,广州
103610,443,2023-10-24,Food,105.09,武汉
100779,74,2023-06-11,Clothing,1560.09,西安
103386,12,2023-01-14,Food,662.23,上海
100502,124,2023-04-09,Food,1632.28,杭州
103883,472,2023-07-12,Books,1367.99,杭州
101436,388,2023-08-09,Electronics,400.74,北京
103295,416,2023-06-25,Food,1702.68,杭州
100176,211,2023-12-22,Books,583.55,武汉
101393,80,2023-01-03,Food,1298.02,杭州
101942,179,2023-07-20,Books,152.93,杭州
102572,46,2023-03-01,Electronics,373.18,上海
104802,206,2023-04-12,Electronics,967.43,杭州
101100,164,2023-10-04,Clothing,660.39,深圳
103767,422,2023-01-09,Electronics,465.44,西安
102735,190,2023-03-16,Food,674.11,成都
104395,131,2023-10-14,Food,1374.31,杭州
104538,69,2023-06-28,Food,1577.17,北京
103972,68,2023-08-09,Food,914.56,广州
104237,92,2023-07-08,Food,229.14,广州
103719,167,2023-04-04,Clothing,318.83,深圳
100248,485,2023-11-11,Electronics,1457.21,杭州
104244,314,2023-03-04,Books,1143.08,深圳
103833,342,2023-02-17,Clothing,1685.82,武汉
101376,491,2023-02-09,Electronics,337.88,上海
102574,112,2023-11-23,Food,926.09,深圳
102068,419,2023-08-15,Clothing,655.28,深圳
104091,375,2023-03-09,Electronics,141.42,成都
101747,160,2023-10-26,Clothing,303.34,杭州
104721,193,2023-11-24,Electronics,1527.23,西安
104372,283,2023-06-06,Electronics,11.63,上海
102576,159,2023-01-28,Books,1414.77,广州
102728,391,2023-04-29,Clothing,621.33,杭州
101964,3,2023-10-12,Books,1603.02,上海
102729,164,2023-09-29,Books,214.81,杭州
100483,246,2023-04-17,Food,613.34,北京
103474,37,2023-08-05,Electronics,1478.1,成都
100048,26,2023-11-30,Electronics,,深圳
104082,196,2023-10-12,Electronics,1420.57,成都
103572,337,2023-10-15,Electronics,1673.58,杭州
102142,74,2023-06-08,Electronics,1002.84,西安
102319,66,2023-11-14,Food,116.54,武汉
100201,489,2023-06-12,Books,1746.04,北京
103673,202,2023-06-07,Electronics,657.24,西安
100304,171,2023-02-11,Clothing,1834.33,杭州
104467,246,2023-04-27,Electronics,1067.27,深圳
104643,43,2023-09-09,Books,1074.17,广州
103672,407,2023-01-20,Electronics,1678.74,深圳
102910,447,2023-12-16,Clothing,1203.44,广州
100123,10,2023-10-04,Electronics,1999.82,成都
103897,392,2023-06-11,Electronics,786.39,上海
104440,284,2023-06-16,Clothing,370.08,杭州
104897,419,2023-07-27,Books,1404.68,上海
104139,261,2023-02-14,Food,378.88,武汉
104160,2,2023-02-27,Food,1822.94,北京
103308,481,2023-07-09,Electronics,622.93,西安
101536,11,2023-01-12,Clothing,1814.62,西安
103829,485,2023-07-02,,1146.46,西安
102810,94,2023-01-08,Clothing,1272.91,深圳
103676,419,2023-08-03,Books,1458.4,上海
103569,498,2023-01-16,Books,356.09,深圳
104529,413,2023-10-11,Electronics,1579.78,武汉
101361,95,2023-07-09,Books,1410.77,北京
103059,363,2023-10-31,Clothing,,深圳
103704,363,2023-10-06,Electronics,1476.72,深圳
104201,337,2023-07-07,Books,135.88,杭州
100091,369,2023-06-03,Food,1337.12,成都
100197,446,2023-02-21,Books,208.43,西安
104297,212,2023-02-24,Clothing,1852.06,北京
101109,58,2023-12-10,Books,852.85,成都
101907,313,2023-01-30,Food,1747.42,上海
102986,162,2023-11-09,Electronics,1355.62,上海
100491,152,2023-03-20,Clothing,666.43,武汉
102597,454,2023-11-02,Clothing,1903.47,广州
102623,433,2023-10-01,Food,232.23,广州
101456,206,2023-12-22,Electronics,1485.45,广州
101098,214,2023-03-03,Clothing,1497.88,北京
102445,215,2023-05-15,Books,1488.28,广州
101280,411,2023-02-20,Food,1312.14,武汉
101835,429,2023-11-22,Electronics,787.33,杭州
100712,361,2023-01-16,Books,1885.46,广州
103326,215,2023-05-01,Food,,深圳
100940,320,2023-12-04,Food,343.77,成都
104247,450,2023-07-29,Food,44.18,广州
103069,152,2023-02-01,Clothing,1051.77,杭州
101769,326,2023-05-06,Electronics,1528.53,深圳
102492,114,2023-10-21,Clothing,1076.67,上海
104512,469,2023-05-08,Food,362.41,上海
101615,472,2023-11-05,Books,271.01,杭州
102122,245,2023-06-10,Books,1656.23,广州
103811,414,2023-10-29,Food,1296.7,西安
103268,310,2023-07-31,Books,758.13,成都
102314,280,2023-04-04,Books,1566.99,武汉
102184,54,2023-09-12,Electronics,1270.72,北京
102144,296,2023-07-06,Food,187.57,广州
101595,447,2023-12-11,Electronics,873.26,北京
101328,214,2023-12-22,Books,1387.79,深圳
101825,328,2023-12-22,Books,768.5,武汉
100096,239,2023-08-15,Books,1354.5,西安
102140,21,2023-12-31,Books,485.83,上海
104130,208,2023-01-15,Food,1960.47,杭州
100926,188,2023-10-28,Electronics,1038.16,武汉
104424,194,2023-03-14,Clothing,242.49,成都
101030,409,2023-05-30,Clothing,1595.57,成都
100647,13,2023-04-30,,1275.52,北京
103675,374,2023-03-30,Food,1242.57,深圳
103652,387,2023-07-19,Books,1458.1,成都
100113,278,2023-08-27,Books,133.91,武汉
104618,415,2023-03-13,Electronics,1380.55,广州
103916,147,2023-10-03,Books,1367.52,上海
103690,92,2023-09-15,Clothing,616.04,上海
101889,130,2023-12-21,Food,1006.29,武汉
103546,38,2023-06-14,Clothing,208.89,广州
103614,241,2023-10-01,Electronics,,西安
101255,18,2023-01-20,Books,1412.72,上海
104126,485,2023-08-24,Clothing,1779.04,北京
101012,335,2023-05-30,Food,1214.72,武汉
104516,210,2023-05-16,Electronics,1950.87,上海
104006,143,2023-08-30,Electronics,832.71,上海
101066,398,2023-11-14,Clothing,648.18,上海
104052,246,2023-09-14,Food,1391.83,广州
102964,417,2023-07-18,Electronics,1715.44,北京
100772,372,2023-10-14,Clothing,1894.38,成都
103437,354,2023-02-09,Electronics,1134.67,广州
100177,417,2023-10-09,Electronics,915.1,成都
102150,318,2023-11-26,Electronics,1484.67,深圳
104565,62,2023-01-13,Food,639.26,
100363,356,2023-09-09,Clothing,254.05,上海
102136,454,2023-11-17,Electronics,1906.11,深圳
103730,226,2023-02-05,Clothing,120.32,深圳
102011,102,2023-02-13,Clothing,827.33,西安
101941,12,2023-10-08,Books,681.45,西安
102370,103,2023-06-21,Electronics,287.18,成都
103377,9,2023-12-07,Food,1300.95,武汉
102714,300,2023-10-25,Books,933.9,北京
102326,369,2023-01-04,Books,1251.09,深圳
104200,340,2023-07-24,Clothing,1146.11,西安
101985,302,2023-09-08,Electronics,1062.63,杭州
101492,259,2023-06-03,Books,1330.28,成都
103947,59,2023-01-24,Electronics,1020.77,西安
101516,494,2023-05-23,Clothing,732.37,成都
101218,45,2023-08-07,Books,366.18,西安
100709,410,2023-01-18,Food,49.96,杭州
104073,456,2023-01-13,Clothing,12.18,西安
101317,125,2023-12-26,Clothing,38.59,北京
103798,288,2023-01-03,Food,405.94,深圳
102285,448,2023-05-07,Books,227.68,北京
102110,340,2023-10-25,Electronics,958.88,广州
103284,453,2023-08-13,Books,872.48,北京
101397,317,2023-04-23,Books,721.21,成都
102811,83,2023-07-23,Food,33.31,西安
103590,28,2023-08-21,Books,1549.57,深圳
100280,37,2023-07-23,Electronics,878.08,西安
100735,76,2023-10-18,Electronics,1850.61,
104165,159,2023-04-06,Food,931.6,深圳
103151,318,2023-10-29,Books,1274.09,北京
102422,105,2023-06-16,Food,1659.98,武汉
103420,146,2023-05-24,Clothing,,北京
101593,320,2023-05-16,Food,1933.77,广州
104137,65,2023-02-10,Clothing,693.08,成都
104960,211,2023-03-19,Clothing,1921.85,深圳
103497,134,2023-11-17,Food,1924.68,广州
104278,275,2023-07-07,Electronics,335.11,杭州
104840,45,2023-05-28,Clothing,1192.1,北京
100659,209,2023-03-03,Food,1929.62,深圳
104181,404,2023-03-03,Clothing,1661.23,深圳
102410,401,2023-12-01,Electronics,257.37,成都
102471,457,2023-01-20,Books,209.87,成都
102143,161,2023-03-28,Food,331.33,杭州
102907,3,2023-06-17,Books,619.47,成都
100001,115,2023-03-13,Electronics,1356.63,上海
102790,306,2023-04-18,Food,749.69,武汉
104015,100,2023-10-29,Clothing,1979.56,杭州
100320,284,2023-02-22,Electronics,577.28,广州
100318,495,2023-03-24,Clothing,1604.51,广州
102993,84,2023-08-01,Electronics,,武汉
101553,477,2023-06-23,Books,272.52,成都
103451,89,2023-03-22,Clothing,1477.58,广州
102351,373,2023-07-16,Books,1845.53,北京
102112,40,2023-01-07,Books,307.94,广州
103788,279,2023-01-07,Electronics,1626.55,成都
100109,321,2023-05-03,Food,885.35,杭州
101522,475,2023-05-11,Food,189.6,深圳
102716,227,2023-02-12,Books,402.82,深圳
104985,169,2023-11-14,Clothing,120.67,广州
101403,190,2023-07-17,Food,34.26,成都
100289,121,2023-02-22,Clothing,519.38,广州
100875,59,2023-12-09,Food,896.88,深圳
103743,489,2023-04-18,Electronics,55.45,广州
104702,459,2023-06-02,Clothing,782.91,北京
104226,496,2023-10-15,Books,797.33,杭州
100331,328,2023-11-15,Books,134.99,西安
103938,415,2023-02-15,Books,1423.84,广州
100925,297,2023-10-06,Clothing,759.55,武汉
100131,39,2023-10-31,Clothing,212.78,杭州
101656,425,2023-07-30,Electronics,193.57,武汉
100695,155,2023-06-15,Clothing,1951.96,武汉
102441,346,2023-10-27,Clothing,1215.04,杭州
100798,106,2023-12-22,Electronics,609.22,上海
103970,433,2023-02-09,Books,1794.62,北京
103995,31,2023-06-29,Electronics,192.02,成都
100957,296,2023-06-26,Books,1474.21,上海
103107,369,2023-06-17,Books,1968.62,广州
104585,195,2023-01-31,Electronics,1005.4,杭州
103915,58,2023-03-13,Clothing,316.79,西安
104821,363,2023-05-11,Food,1403.82,上海
102969,233,2023-10-02,Food,455.44,杭州
100835,367,2023-12-03,Food,1434.67,上海
102625,77,2023-01-04,Food,1896.92,杭州
100656,359,2023-06-17,Food,910.99,深圳
100056,305,2023-02-04,Clothing,813.51,深圳
103174,135,2023-12-07,Food,954.5,深圳
101388,22,2023-06-12,Clothing,887.37,成都
100243,67,2023-10-04,Food,1599.04,上海
101777,107,2023-04-23,Clothing,909.64,深圳
102282,220,2023-06-21,Electronics,363.25,杭州
102612,469,2023-02-09,Clothing,284.78,深圳
104168,391,2023-07-23,Electronics,993.81,广州
100321,140,2023-08-19,Clothing,1663.78,上海
102670,313,2023-11-14,Electronics,1203.14,武汉
102171,443,2023-06-12,Electronics,1586.11,武汉
101404,180,2023-06-07,Books,1749.86,上海
103385,39,2023-09-13,Food,1479.87,武汉
100173,470,2023-05-23,Clothing,1993.92,武汉
104775,66,2023-08-25,Clothing,1982.7,西安
100460,230,2023-07-13,Books,169.7,广州
102962,371,2023-06-14,Food,86.48,上海
101259,314,2023-01-28,Food,1074.72,北京
101895,91,2023-07-11,Clothing,1411.05,深圳
100509,459,2023-09-28,Electronics,467.24,西安
100612,471,2023-07-30,Books,1721.33,上海
103691,496,2023-02-12,Books,1970.92,北京
103625,121,2023-07-27,Clothing,1721.6,北京
101448,58,2023-06-10,Electronics,937.14,广州
102671,485,2023-01-12,Food,1223.53,广州
103740,104,2023-01-09,Food,1956.2,深圳
100174,326,2023-09-09,Electronics,945.32,武汉
103598,83,2023-10-17,Electronics,1540.54,杭州
100529,293,2023-09-24,Clothing,1373.78,广州
103647,259,2023-09-12,Clothing,1675.72,广州
103243,118,2023-05-18,Food,1824.08,杭州
102832,201,2023-03-23,Books,788.09,深圳
104766,205,2023-04-10,Books,1775.32,北京
104634,291,2023-11-18,Books,146.6,上海
103560,393,2023-11-16,Books,1740.46,杭州
100678,196,2023-07-03,Books,1093.59,西安
103329,65,2023-03-18,Electronics,572.13,成都
103648,164,2023-09-22,Clothing,992.88,北京
102100,71,2023-12-01,Clothing,772.54,西安
104724,396,2023-05-24,Books,1548.6,西安
104588,293,2023-01-17,Books,590.24,广州
102652,108,2023-09-30,Clothing,1349.24,杭州
100955,387,2023-04-15,Books,1108.69,西安
100775,238,2023-03-02,Books,116.82,上海
103805,321,2023-10-29,Electronics,1512.64,上海
103854,309,2023-10-22,Electronics,855.58,上海
101571,305,2023-12-03,Electronics,665.56,北京
100740,382,2023-09-01,Food,1795.09,北京
104157,408,2023-06-24,Clothing,452.9,西安
100271,81,2023-11-13,Electronics,1351.2,杭州
103616,8,2023-03-24,Electronics,1757.58,广州
103640,178,2023-08-20,Books,1925.24,北京
100219,159,2023-08-14,Electronics,1163.35,广州
102565,460,2023-12-30,Clothing,1812.39,成都
102101,276,2023-10-01,Books,1069.62,深圳
101608,213,2023-09-11,Food,83.66,武汉
102310,458,2023-05-14,Food,1198.11,广州
101132,219,2023-06-09,Food,903.85,广州
102258,240,2023-07-17,Clothing,980.41,成都
104108,481,2023-03-02,Books,978.83,北京
101759,73,2023-05-29,Books,396.86,
102345,193,2023-08-30,Clothing,1156.32,杭州
100750,259,2023-07-23,Electronics,1365.54,深圳
100609,71,2023-07-15,Clothing,1286.74,广州
102543,74,2023-03-26,Books,1750.48,
104260,171,2023-07-21,Food,1062.24,武汉
101670,214,2023-09-04,Food,1135.87,成都
104382,181,2023-10-31,Books,1163.32,深圳
100756,443,2023-12-16,Electronics,953.45,广州
100297,231,2023-10-20,Clothing,649.84,西安
102076,52,2023-09-27,Clothing,1456.26,北京
102538,479,2023-05-11,Clothing,164.18,广州
101331,314,2023-02-15,Food,702.23,北京
103606,423,2023-09-20,Food,273.39,西安
102520,492,2023-11-30,Clothing,650.46,西安
100185,237,2023-03-02,Clothing,1001.77,杭州
102302,34,2023-05-31,Electronics,913.18,深圳
102679,447,2023-03-23,Clothing,929.8,上海
104058,161,2023-05-11,Clothing,1798.7,广州
104872,292,2023-01-06,Clothing,724.28,杭州
100078,443,2023-03-25,Clothing,1764.02,北京
104071,409,2023-01-05,Clothing,,成都
101138,78,2023-04-07,Electronics,271.78,北京
100568,345,2023-03-10,Food,244.54,杭州
102939,452,2023-08-05,Food,417.7,杭州
102722,136,2023-09-30,Clothing,688.87,杭州
104761,107,2023-10-27,Clothing,382.49,广州
103158,124,2023-11-06,Books,78.34,杭州
104442,52,2023-07-27,Electronics,1955.22,成都
100440,45,2023-07-25,Electronics,377.71,广州
103074,305,2023-08-16,Food,224.41,杭州
104164,248,2023-12-16,Clothing,1461.68,上海
102776,14,2023-08-16,Clothing,767.03,西安
103790,499,2023-06-25,Electronics,932.28,深圳
101385,395,2023-01-25,Clothing,712.71,西安
102402,473,2023-05-15,Clothing,1516.93,成都
103514,170,2023-03-10,Books,1224.09,北京
104732,362,2023-08-24,Clothing,772.81,广州
103864,206,2023-02-02,Books,1513.65,西安
101441,434,2023-05-23,Food,710.88,深圳
102589,172,2023-06-22,Electronics,382.35,成都
101872,305,2023-10-03,Clothing,1110.18,广州
100256,205,2023-08-01,Electronics,631.97,成都
101681,425,2023-12-28,Books,178.45,成都
100292,443,2023-11-18,Food,310.41,上海
101742,53,2023-01-07,Electronics,1189.84,深圳
101208,352,2023-11-01,Electronics,673.25,北京
104844,221,2023-04-10,Clothing,142.84,杭州
103413,76,2023-11-28,Electronics,1738.91,成都
101476,429,2023-07-07,Food,1621.01,北京
100675,332,2023-06-01,Books,829.86,西安
102106,435,2023-03-13,Food,926.17,武汉
104410,284,2023-06-27,Books,1968.65,深圳
100687,486,2023-10-18,Clothing,1130.59,深圳
103625,121,2023-07-27,Clothing,1721.6,北京
101908,2,2023-08-22,Books,1453.19,广州
102695,345,2023-05-31,Clothing,1490.03,广州
101525,444,2023-02-11,Books,947.47,武汉
104169,466,2023-01-18,Clothing,252.03,武汉
100151,155,2023-01-08,Clothing,555.88,北京
102190,158,2023-08-01,Clothing,18.27,武汉
103466,378,2023-12-25,Electronics,1124.53,武汉
103249,118,2023-07-29,Food,341.59,上海
101976,484,2023-05-11,Books,1881.0,广州
103630,277,2023-08-18,Electronics,1376.63,武汉
103700,217,2023-08-18,Books,1441.53,杭州
102431,290,2023-09-15,Books,1082.55,上海
100041,277,2023-03-09,Books,493.56,西安
102579,358,2023-08-14,,193.9,成都
104662,128,2023-01-02,Books,474.67,深圳
101704,450,2023-08-10,Clothing,1224.79,成都
103886,420,2023-06-09,Food,852.95,成都
103738,355,2023-12-27,Food,1338.02,成都
104599,381,2023-07-26,Books,486.15,上海
104718,464,2023-08-18,Books,665.74,上海
104288,89,2023-05-23,Food,429.11,上海
103651,189,2023-01-27,Food,1767.21,成都
101272,339,2023-08-14,Clothing,429.6,成都
103900,31,2023-01-04,Electronics,225.61,武汉
100028,446,2023-11-17,Food,1684.92,深圳
100283,11,2023-06-16,Clothing,1604.63,西安
103573,424,2023-01-02,Food,1920.44,上海
104093,377,2023-11-18,Electronics,263.89,深圳
104575,107,2023-12-12,Clothing,847.13,成都
103914,174,2023-03-16,Clothing,1692.56,上海
104393,294,2023-11-13,Books,974.02,北京
104658,84,2023-07-02,Food,1153.92,广州
101076,422,2023-11-12,Food,1062.75,上海
103786,284,2023-04-28,Electronics,904.16,杭州
104592,277,2023-05-18,Books,548.13,北京
100058,337,2023-10-26,Food,1870.07,深圳
102352,314,2023-05-09,Electronics,84.46,上海
104153,186,2023-12-03,Food,1480.86,广州
100355,488,2023-01-16,Clothing,1698.85,西安
102388,40,2023-05-09,Clothing,994.91,成都
104790,491,2023-03-27,Clothing,721.47,北京
104939,440,2023-02-26,Clothing,1601.62,武汉
100871,270,2023-04-23,Clothing,1046.01,广州
104285,344,2023-08-08,Books,736.75,北京
102032,195,2023-07-28,Food,1403.32,深圳
102944,37,2023-11-23,Electronics,239.4,西安
101780,69,2023-02-13,Food,894.57,成都
103260,237,2023-05-06,Books,358.54,上海
102233,294,2023-11-27,Books,1367.44,武汉
104289,483,2023-03-30,Clothing,1472.09,杭州
103436,273,2023-06-20,Books,462.88,北京
102747,328,2023-06-25,Food,1080.41,西安
100974,412,2023-09-20,Food,1753.46,杭州
101700,140,2023-11-03,Food,1680.58,武汉
102304,3,2023-08-09,Food,1323.9,北京
103909,499,2023-11-22,Clothing,743.31,杭州
104123,76,2023-11-24,Clothing,1451.47,上海
104700,126,2023-10-23,Food,1396.99,广州
100287,40,2023-09-19,Electronics,1065.9,深圳
102074,419,2023-07-21,Clothing,148.21,上海
100195,362,2023-07-15,Books,1976.94,广州
104982,9,2023-04-15,Books,649.58,西安
102626,102,2023-09-21,Books,875.43,西安
100905,316,2023-12-04,Food,1389.98,广州
100506,48,2023-07-27,Books,760.57,西安
100409,306,2023-08-31,Food,1934.47,深圳
100933,332,2023-07-30,Electronics,494.9,广州
104406,184,2023-09-24,Electronics,1542.64,北京
104528,233,2023-05-17,Clothing,52.33,武汉
103551,60,2023-05-04,Food,1793.76,北京
102802,66,2023-06-15,Food,1914.24,上海
103472,436,2023-04-16,Clothing,1607.71,深圳
104797,68,2023-01-04,Electronics,700.17,深圳
104917,498,2023-02-14,Clothing,,杭州
102503,336,2023-07-25,Clothing,1638.41,杭州
103323,255,2023-11-07,Clothing,1381.17,北京
101891,56,2023-11-22,Food,1630.31,杭州
102629,346,2023-06-01,Electronics,1090.07,广州
101430,60,2023-03-09,Electronics,964.24,杭州
104515,491,2023-06-15,Clothing,676.18,杭州
103528,399,2023-08-01,Electronics,1103.98,北京
104465,135,2023-06-24,Electronics,1223.09,北京
101401,100,2023-09-09,Food,1210.31,北京
101547,69,2023-06-15,Books,1376.84,武汉
100640,214,2023-06-13,Food,1653.73,成都
104715,133,2023-03-21,,1016.07,武汉
103473,358,2023-11-22,Electronics,1040.73,西安
102014,275,2023-05-18,Electronics,1978.84,西安
102272,272,2023-11-08,Books,1042.05,上海
102957,485,2023-05-30,Electronics,458.22,深圳
101847,211,2023-06-04,Books,1966.37,上海
102713,268,2023-06-05,Electronics,423.39,深圳
100976,388,2023-06-23,Books,1366.37,北京
100160,313,2023-02-20,Clothing,1254.77,杭州
100192,171,2023-10-10,Books,916.14,成都
102198,429,2023-10-11,Clothing,1897.91,深圳
103956,235,2023-07-26,Clothing,,杭州
101197,431,2023-01-16,Food,1967.4,广州
103739,95,2023-05-02,Books,1849.36,北京
101281,237,2023-12-12,Clothing,1471.28,深圳
103511,194,2023-06-07,Books,1586.27,杭州
101687,348,2023-03-28,Electronics,1232.81,成都
104823,253,2023-01-22,Books,990.49,武汉
103477,442,2023-01-16,Electronics,651.77,上海
103458,56,2023-02-13,Clothing,431.45,广州
100883,276,2023-12-26,Books,1296.66,上海
101549,27,2023-06-20,Clothing,947.16,成都
103039,210,2023-08-27,,,武汉
104414,331,2023-04-15,Electronics,1823.21,成都
103112,374,2023-10-18,Clothing,203.49,成都
101954,155,2023-12-19,Clothing,1309.07,武汉
101966,288,2023-05-12,Electronics,178.37,上海
102460,141,2023-09-07,,455.03,广州
103395,55,2023-09-02,Electronics,943.75,成都
104913,495,2023-04-15,Clothing,932.66,西安
101386,490,2023-03-27,Clothing,1426.51,杭州
103102,103,2023-10-19,Food,1667.53,深圳
102168,182,2023-12-21,Books,1647.8,深圳
100394,259,2023-08-23,Clothing,438.14,成都
101082,259,2023-06-22,Clothing,1072.46,西安
100457,217,2023-06-26,Electronics,1086.92,北京
101015,373,2023-05-01,Food,1881.47,上海
100744,138,2023-08-02,Electronics,383.99,深圳
103931,8,2023-11-25,Food,489.44,上海
100104,26,2023-10-13,Clothing,1835.77,上海
101417,307,2023-07-05,Books,1135.49,杭州
100227,233,2023-07-08,Food,1173.27,成都
102305,26,2023-05-09,Clothing,706.93,杭州
102996,466,2023-08-16,Electronics,,广州
102481,251,2023-11-19,Books,1199.71,西安
104011,36,2023-08-28,Food,434.54,成都
101855,256,2023-06-01,Clothing,311.82,深圳
100778,71,2023-04-13,Food,824.29,西安
101383,235,2023-06-05,Clothing,1797.58,杭州
103781,227,2023-10-30,Food,750.22,武汉
104046,492,2023-10-07,Food,698.76,深圳
101129,450,2023-07-18,,1888.83,杭州
103986,255,2023-01-01,Electronics,1876.81,北京
104466,354,2023-01-19,Electronics,105.97,成都
102888,459,2023-06-27,Books,1736.48,广州
100943,424,2023-03-18,Electronics,363.07,北京
102600,411,2023-06-27,Books,798.03,西安
104779,368,2023-08-03,Books,796.31,成都
100733,283,2023-06-16,Food,1044.18,北京
102896,374,2023-03-24,Clothing,505.11,广州
100341,324,2023-04-04,Clothing,,西安
104866,52,2023-09-19,,49.35,上海
103958,170,2023-01-11,Electronics,877.46,武汉
100059,343,2023-06-10,Clothing,538.57,广州
103015,145,2023-05-17,Electronics,1827.58,上海
104815,441,2023-06-19,Food,,上海
104527,276,2023-08-21,Clothing,1693.26,上海
104425,313,2023-11-02,Books,1745.76,广州
104868,22,2023-03-28,Food,1125.12,西安
104817,154,2023-05-02,Electronics,1039.68,西安
104728,273,2023-11-25,Clothing,967.5,北京
104656,450,2023-07-13,Clothing,1895.47,广州
101484,166,2023-10-21,Electronics,1618.57,上海
104819,239,2023-11-06,Clothing,754.98,杭州
102569,353,2023-09-16,Books,354.21,北京
100322,485,2023-04-24,Books,1770.41,北京
104610,268,2023-02-13,Food,194.01,成都
101354,214,2023-01-23,Electronics,1982.63,北京
102013,192,2023-06-03,Food,862.4,广州
104544,82,2023-05-19,Food,1995.68,深圳
100952,336,2023-04-16,Food,823.6,上海
102961,210,2023-09-23,Electronics,1240.99,广州
103848,34,2023-08-16,Electronics,314.37,成都
103363,489,2023-05-03,Electronics,1559.54,杭州
100265,312,2023-12-03,Food,67.62,杭州
103633,497,2023-08-22,Electronics,1119.48,杭州
103447,46,2023-09-15,Clothing,1850.37,杭州
104140,306,2023-03-15,Food,1575.19,成都
103115,395,2023-01-18,Electronics,611.08,杭州
104796,151,2023-05-07,Books,1839.08,武汉
104928,462,2023-12-01,Electronics,663.85,深圳
103842,346,2023-12-20,Clothing,673.28,武汉
101406,84,2023-08-06,Books,287.74,上海
102638,217,2023-07-25,Electronics,376.02,杭州
102078,424,2023-01-07,Electronics,273.04,上海
104257,476,2023-02-02,Clothing,1449.83,深圳
100157,61,2023-10-13,Books,1216.57,深圳
101451,234,2023-11-04,Food,1377.22,西安
102763,419,2023-05-22,Books,908.06,广州
103703,108,2023-02-05,Clothing,1612.72,广州
103823,339,2023-12-07,Electronics,1265.34,杭州
100564,188,2023-06-16,Clothing,920.53,杭州
102991,244,2023-06-23,Clothing,,上海
100259,382,2023-07-10,Clothing,1117.18,成都
102332,440,2023-12-03,Electronics,870.38,北京
100989,28,2023-09-27,Books,961.86,北京
103421,243,2023-09-29,Electronics,1177.1,成都
104238,237,2023-07-31,Clothing,858.87,深圳
102228,126,2023-02-07,Clothing,1317.34,成都
103217,63,2023-07-05,Electronics,91.66,上海
102486,431,2023-09-08,Books,1377.57,北京
102007,112,2023-06-06,Electronics,1871.47,西安
102197,259,2023-03-02,Books,1687.63,杭州
101830,431,2023-03-24,Clothing,1678.61,上海
101914,379,2023-11-10,Electronics,703.18,西安
104829,377,2023-09-27,Clothing,1660.79,广州
104795,320,2023-04-10,Clothing,393.57,广州
100705,180,2023-05-12,Electronics,1443.62,北京
103456,427,2023-03-23,Books,762.39,广州
103526,399,2023-10-10,Electronics,31.24,广州
104995,116,2023-02-07,Clothing,969.5,成都
104119,46,2023-06-01,Clothing,518.9,武汉
104167,496,2023-10-21,Electronics,1540.79,深圳
100676,32,2023-02-14,Food,772.2,武汉
101898,133,2023-07-29,Books,1257.41,上海
101642,324,2023-12-05,Food,844.42,杭州
101102,114,2023-08-10,Food,1574.87,广州
103692,70,2023-01-04,Electronics,95.32,杭州
103419,105,2023-07-31,Electronics,1763.8,广州
104475,432,2023-10-31,Electronics,366.51,上海
100244,339,2023-01-14,Clothing,39.57,深圳
104596,352,2023-03-17,Electronics,,成都
104903,156,2023-12-15,Clothing,1395.79,西安
104026,49,2023-11-04,Electronics,293.23,杭州
103105,112,2023-09-19,Electronics,626.7,深圳
100129,494,2023-06-09,Electronics,1161.58,杭州
104536,483,2023-06-28,Clothing,1030.18,武汉
104132,256,2023-06-19,Books,808.74,杭州
103129,192,2023-12-04,Food,1455.14,广州
101231,197,2023-02-03,Food,424.39,武汉
101031,97,2023-07-30,Books,795.56,广州
100894,153,2023-12-13,Food,1915.21,北京
101673,77,2023-06-16,Electronics,1601.63,武汉
100651,365,2023-05-24,Electronics,97.36,深圳
102536,177,2023-11-18,,1856.48,杭州
101190,427,2023-03-31,Clothing,667.72,成都
102080,491,2023-02-24,Food,1706.91,上海
103639,434,2023-11-09,Electronics,1298.07,杭州
103685,443,2023-10-26,Books,1586.67,西安
102461,148,2023-05-13,Electronics,1849.79,杭州
104191,92,2023-07-01,Books,123.75,广州
101887,330,2023-12-31,Books,801.36,上海
102259,107,2023-10-30,Food,1523.37,杭州
103316,348,2023-12-18,Food,1335.46,上海
104938,217,2023-10-31,Electronics,1441.27,武汉
101282,267,2023-06-22,Clothing,633.41,北京
102120,381,2023-04-19,Books,1241.9,深圳
101227,145,2023-06-28,Clothing,1020.82,武汉
101604,12,2023-03-01,Clothing,1805.81,西安
104064,327,2023-10-04,Books,1025.77,深圳
100884,383,2023-12-18,Clothing,57.27,成都
102025,145,2023-09-06,Electronics,1524.19,深圳
104174,466,2023-05-01,Clothing,346.26,西安
103179,104,2023-03-17,Food,275.1,武汉
103960,470,2023-07-09,Food,1736.33,上海
103055,190,2023-08-02,Clothing,426.82,成都
100936,473,2023-04-03,Books,1202.72,北京
101215,294,2023-05-06,Clothing,151.77,成都
102605,282,2023-12-18,Books,1400.57,西安
103808,300,2023-05-01,Electronics,1642.89,杭州
102672,292,2023-11-17,Books,1371.88,成都
100813,191,2023-06-25,Clothing,236.53,武汉
104080,171,2023-10-09,Electronics,1463.36,成都
103291,219,2023-10-08,Food,1980.95,深圳
103000,454,2023-06-23,Electronics,1774.12,上海
102752,354,2023-01-12,Clothing,1546.48,上海
101559,28,2023-04-07,Clothing,118.59,广州
102640,495,2023-03-01,Clothing,1146.08,杭州
102718,441,2023-02-27,Books,1557.02,深圳
104366,274,2023-12-24,Books,336.39,西安
101041,191,2023-08-26,Electronics,667.19,广州
100896,294,2023-11-02,Books,1078.93,上海
101526,475,2023-06-20,Books,1754.75,上海
102881,164,2023-10-04,Food,163.31,广州
101244,57,2023-05-25,Electronics,478.13,武汉
102532,92,2023-03-18,Books,143.43,北京
102428,414,2023-06-10,Food,1880.48,武汉
103742,57,2023-08-24,Electronics,700.31,广州
103901,247,2023-12-31,Books,1983.36,广州
102221,85,2023-04-16,Books,872.61,西安
101047,480,2023-06-15,Clothing,1262.04,北京
103893,310,2023-11-08,Food,465.52,北京
103687,71,2023-09-10,Food,1025.31,杭州
103013,188,2023-09-20,Books,820.32,成都
101601,440,2023-01-14,Clothing,967.42,广州
101249,332,2023-01-09,Clothing,1445.47,西安
101134,442,2023-03-12,Food,1380.18,广州
103927,143,2023-05-11,Food,1834.41,成都
102465,483,2023-10-20,Books,1466.86,广州
101337,129,2023-06-21,Books,96.2,北京
102578,140,2023-04-13,Clothing,1958.76,杭州
104679,51,2023-10-25,Food,1692.35,西安
102583,178,2023-11-27,Food,422.82,杭州
103650,205,2023-11-26,Clothing,1367.85,深圳
103832,277,2023-01-24,Books,953.87,西安
102875,126,2023-04-26,Books,1299.31,深圳
100726,420,2023-09-25,Books,1931.6,西安
102464,4,2023-09-08,Electronics,745.39,杭州
101734,297,2023-03-05,Electronics,1949.31,北京
103072,15,2023-11-30,Books,166.63,西安
100707,253,2023-07-13,Food,1096.59,上海
102932,467,2023-04-20,Electronics,919.9,广州
100557,23,2023-12-30,Electronics,54.94,成都
100081,440,2023-08-29,Clothing,407.15,西安
100801,255,2023-04-12,Clothing,1558.14,深圳
104240,314,2023-07-21,Food,1845.98,武汉
100055,30,2023-09-18,Electronics,1704.17,上海
100171,47,2023-04-28,Electronics,1999.15,杭州
100688,429,2023-09-10,Food,359.36,北京
103810,163,2023-03-30,Electronics,518.49,北京
100064,427,2023-10-06,Food,1227.24,北京
103873,168,2023-06-24,Food,1958.0,北京
100863,7,2023-05-09,Clothing,1244.92,西安
102334,244,2023-09-03,Food,586.0,上海
100774,216,2023-06-19,Food,528.51,杭州
100855,414,2023-01-07,Electronics,60.29,广州
100663,496,2023-07-02,Books,1031.78,杭州
103370,246,2023-11-20,Food,69.28,武汉
104712,366,2023-05-06,Clothing,1338.82,成都
103091,257,2023-06-13,Food,781.18,武汉
103393,48,2023-12-03,Food,545.41,北京
100094,316,2023-10-19,Food,818.09,北京
100700,94,2023-11-05,Food,1842.87,深圳
101127,178,2023-12-17,,717.2,杭州
102020,282,2023-09-11,Clothing,656.53,武汉
104981,375,2023-10-16,,443.28,上海
102955,441,2023-05-09,Clothing,706.73,深圳
102077,309,2023-02-21,Books,774.14,上海
102800,238,2023-08-01,Books,277.47,北京
103272,462,2023-04-27,Books,513.31,武汉
102795,319,2023-06-14,Electronics,1568.71,成都
104574,409,2023-08-31,Clothing,757.9,北京
103657,424,2023-11-10,Food,379.52,深圳
100505,154,2023-12-17,Electronics,1310.93,北京
100073,39,2023-12-20,Clothing,1095.72,成都
102545,218,2023-12-07,Books,660.91,上海
103858,244,2023-07-28,Electronics,690.04,深圳
100068,368,2023-06-25,Clothing,1378.12,杭州
104578,369,2023-10-13,Electronics,1941.32,广州
100030,307,2023-06-15,Books,48.76,成都
101896,250,2023-04-04,Electronics,906.81,深圳
101431,354,2023-07-05,Clothing,1635.91,成都
102012,4,2023-03-21,Food,459.93,武汉
102584,47,2023-09-20,Clothing,523.85,西安
102141,491,2023-03-20,Books,203.84,北京
103693,191,2023-11-24,Clothing,1176.8,深圳
102913,414,2023-06-09,Food,224.47,广州
101072,337,2023-09-08,Food,107.68,深圳
103273,239,2023-12-31,Books,749.42,深圳
102665,423,2023-08-19,Clothing,1848.58,广州
100178,130,2023-06-15,Electronics,1940.67,武汉
101478,177,2023-07-02,Books,709.03,深圳
103605,195,2023-02-27,Clothing,1503.17,深圳
102984,329,2023-07-25,Clothing,309.86,成都
103898,41,2023-04-01,Food,1421.19,上海
104907,392,2023-12-25,Electronics,1094.68,武汉
104298,198,2023-07-04,,1078.28,西安
102526,205,2023-01-05,Food,243.99,杭州
103200,129,2023-11-19,Food,1868.98,杭州
103024,108,2023-01-26,Electronics,779.93,深圳
102182,325,2023-05-26,Electronics,1990.77,上海
102188,212,2023-11-27,Books,25.13,成都
100380,432,2023-10-16,Electronics,1652.22,北京
101437,407,2023-12-04,Electronics,943.47,杭州
101623,221,2023-02-28,Clothing,250.17,深圳
101443,271,2023-04-22,Clothing,1928.88,广州
103834,289,2023-02-13,Food,1195.4,上海
100286,446,2023-06-08,Food,450.93,广州
100771,151,2023-02-19,Books,264.61,杭州
104587,225,2023-12-03,Electronics,1953.67,上海
101350,45,2023-07-30,Books,1725.78,深圳
101587,283,2023-02-09,Electronics,1031.69,武汉
100447,113,2023-03-10,Books,314.84,成都
103701,330,2023-07-31,Clothing,1496.33,
104977,207,2023-01-06,Electronics,18.79,上海
101191,473,2023-12-11,Books,1833.16,北京
104014,280,2023-08-11,Electronics,1493.21,西安
100120,70,2023-08-25,Clothing,110.07,武汉
103918,341,2023-05-31,Clothing,983.68,北京
102628,188,2023-01-26,Food,512.13,成都
102179,268,2023-06-21,Electronics,1853.43,西安
103802,269,2023-05-04,Clothing,1401.96,西安
104266,479,2023-10-05,Food,105.64,深圳
102760,145,2023-10-22,Food,1272.4,上海
103559,131,2023-10-26,Clothing,811.68,武汉
103784,23,2023-10-12,Electronics,1540.62,上海
101557,314,2023-05-16,Food,877.19,广州
102031,219,2023-01-10,Clothing,190.96,北京
101321,219,2023-06-22,Books,655.23,广州
101776,243,2023-05-18,Books,1279.83,北京
102551,334,2023-06-28,Clothing,60.34,
101904,193,2023-11-05,Food,1864.94,西安
101967,260,2023-06-02,Food,1932.89,广州
103173,143,2023-08-12,Books,143.21,上海
101398,29,2023-11-08,Clothing,1171.03,深圳
101324,87,2023-12-23,Food,1111.28,西安
103715,374,2023-02-22,Books,115.66,广州
103975,402,2023-08-25,Food,677.87,成都
104622,255,2023-05-15,Food,1810.62,西安
104964,496,2023-12-08,Clothing,278.43,北京
100990,258,2023-06-27,Books,1722.2,广州
102941,194,2023-05-23,Clothing,1635.28,西安
102946,490,2023-12-15,Books,576.77,杭州
103512,263,2023-10-22,Electronics,1546.35,上海
104203,292,2023-02-07,Clothing,1874.2,上海
102254,396,2023-09-05,Clothing,192.68,杭州
100767,465,2023-08-03,Books,782.67,北京
100692,31,2023-01-12,Clothing,1177.35,广州
101330,123,2023-03-31,Electronics,1196.58,西安
101618,354,2023-02-14,Books,266.9,深圳
100350,280,2023-05-31,Food,214.17,成都
101626,362,2023-01-26,Books,1599.98,上海
101833,226,2023-07-03,Clothing,441.18,北京
102558,141,2023-11-17,Electronics,1942.57,北京
100045,410,2023-02-25,Clothing,391.26,西安
104877,491,2023-01-02,Food,462.0,成都
102108,61,2023-12-23,Clothing,761.15,北京
103214,262,2023-10-18,,406.39,北京
102851,303,2023-11-26,Electronics,1155.49,上海
101770,438,2023-10-02,Food,1581.28,成都
101342,378,2023-07-31,Clothing,757.31,深圳
104383,278,2023-12-21,Food,706.39,西安
100650,215,2023-09-09,Electronics,1945.39,广州
100704,229,2023-01-06,Food,427.27,上海
101644,461,2023-09-28,Clothing,1403.59,西安
103924,170,2023-04-28,Food,33.51,上海
104730,272,2023-01-09,Clothing,1778.45,杭州
101624,250,2023-05-13,,1571.92,北京
100359,294,2023-03-12,Food,802.09,
104379,4,2023-11-22,Electronics,1714.04,
101464,196,2023-11-06,Food,313.95,上海
103681,357,2023-10-30,Books,1127.36,广州
103754,229,2023-03-11,Food,1326.82,西安
101771,127,2023-01-28,Food,1746.97,西安
100967,500,2023-03-22,Electronics,1993.67,武汉
103725,137,2023-08-02,Electronics,983.32,西安
103920,460,2023-09-01,Food,1431.29,北京
102222,217,2023-11-02,,1633.63,上海
102174,216,2023-12-23,Clothing,1205.88,深圳
104878,321,2023-06-10,Books,1486.42,杭州
101630,391,2023-09-17,,1467.78,上海
103104,332,2023-11-17,Clothing,1138.02,杭州
102028,102,2023-08-31,Electronics,1405.28,广州
102688,408,2023-09-05,Clothing,536.37,成都
103060,251,2023-10-16,Books,1782.21,成都
103744,330,2023-10-23,Clothing,1560.65,成都
104352,415,2023-03-16,Clothing,159.46,广州
103978,309,2023-04-05,Electronics,202.18,广州
102798,81,2023-02-21,Electronics,703.85,深圳
100425,478,2023-10-15,Food,283.17,深圳
102650,477,2023-10-13,Electronics,692.47,成都
101458,63,2023-04-30,Books,1453.15,杭州
101671,401,2023-07-13,Books,1670.58,广州
101943,145,2023-12-23,,1405.21,武汉
100953,80,2023-08-07,Food,529.99,武汉
101729,101,2023-03-26,Food,628.5,上海
103462,89,2023-11-09,Books,565.56,杭州
101263,32,2023-11-19,Books,1160.5,
100511,461,2023-10-06,Electronics,366.92,成都
102284,305,2023-06-30,Books,1170.49,西安
100387,376,2023-06-26,Books,270.22,成都
104016,457,2023-06-03,Clothing,1098.85,广州
103598,83,2023-10-17,Electronics,1540.54,杭州
102063,370,2023-03-10,Books,1797.69,杭州
104785,341,2023-02-22,Clothing,1194.09,广州
100830,382,2023-12-01,Electronics,214.26,武汉
102036,94,2023-01-21,Electronics,113.74,成都
103795,59,2023-12-27,Clothing,59.33,武汉
100034,136,2023-09-28,Books,1929.08,深圳
101001,458,2023-11-19,Food,1572.81,杭州
104953,125,2023-07-12,Food,274.59,杭州
102246,442,2023-12-19,Books,460.42,上海
103513,189,2023-05-04,Clothing,1662.53,
100148,119,2023-03-03,Clothing,637.94,
102540,65,2023-09-25,Books,667.02,杭州
100301,199,2023-07-29,Food,1361.01,北京
103046,82,2023-06-05,Food,463.2,西安
101423,264,2023-04-10,Clothing,1531.73,广州
100015,474,2023-11-24,Clothing,1372.38,北京
101875,367,2023-08-29,Clothing,317.9,深圳
104508,52,2023-07-14,Food,499.74,北京
102544,40,2023-01-27,Clothing,1028.29,西安
104584,406,2023-09-21,Books,262.53,西安
103899,48,2023-07-10,Food,1071.48,武汉
100019,127,2023-10-15,Food,1496.56,武汉
103649,405,2023-11-26,Food,1366.31,北京
104690,21,2023-08-18,Books,1123.72,上海
103496,428,2023-09-28,Electronics,1781.51,北京
100561,96,2023-11-24,Books,797.21,深圳
103506,43,2023-08-25,Electronics,1645.85,杭州
101811,67,2023-04-16,Food,870.08,西安
104734,351,2023-09-28,Books,1962.72,西安
100101,368,2023-12-23,Books,993.81,深圳
102997,451,2023-07-15,Books,764.95,广州
100697,363,2023-10-15,Food,454.24,广州
101613,11,2023-03-24,Food,1455.16,西安
104549,105,2023-04-04,Clothing,752.66,西安
102475,417,2023-04-06,Books,,深圳
104070,24,2023-04-29,Clothing,843.97,广州
101739,120,2023-11-03,Electronics,912.29,西安
104023,462,2023-06-16,Electronics,94.59,杭州
102404,414,2023-02-25,Books,1905.42,杭州
102495,468,2023-06-30,Electronics,1313.31,深圳
103589,42,2023-05-31,Electronics,1717.1,成都
104693,444,2023-09-14,Electronics,39.31,杭州
102934,254,2023-04-16,Electronics,100.02,武汉
100207,88,2023-03-31,Electronics,1222.89,武汉
100736,403,2023-05-27,Food,1757.01,杭州
104095,67,2023-08-13,Books,724.76,广州
103753,468,2023-04-03,Electronics,250.7,北京
100264,59,2023-05-23,Clothing,1616.37,北京
102594,154,2023-01-21,Clothing,1528.71,上海
101375,45,2023-02-11,Books,1796.91,杭州
103310,221,2023-05-01,Food,494.04,广州
104697,309,2023-12-09,Books,1107.46,西安
100710,488,2023-02-23,Electronics,690.2,武汉
100183,63,2023-01-15,Clothing,1422.47,杭州
103304,215,2023-10-18,Food,605.18,深圳
101268,338,2023-08-17,Food,1617.6,杭州
103729,93,2023-08-17,Books,15.35,广州
103159,283,2023-12-27,Books,440.95,武汉
102134,13,2023-10-28,Books,959.14,北京
101816,331,2023-08-22,Food,1403.63,杭州
102265,382,2023-02-26,Clothing,43.01,西安
100270,398,2023-10-18,Electronics,1767.85,广州
100961,242,2023-11-04,Books,185.4,杭州
102155,375,2023-02-25,Books,1538.75,深圳
100694,361,2023-12-06,Books,1176.17,成都
104060,299,2023-02-01,Clothing,1326.37,广州
100232,60,2023-02-19,Clothing,1775.65,广州
103584,1,2023-01-04,Books,1204.78,武汉
102639,370,2023-12-01,Electronics,1675.34,武汉
103213,416,2023-05-11,Books,914.97,杭州
100822,266,2023-09-25,Electronics,871.37,深圳
103431,291,2023-06-24,Electronics,967.23,广州
102783,205,2023-02-21,Food,727.18,杭州
103303,358,2023-10-05,Food,,武汉
101311,256,2023-10-01,Books,1933.48,北京
103937,349,2023-03-12,Food,759.92,北京
100811,5,2023-03-12,Clothing,664.04,西安
100233,199,2023-08-21,Food,1344.27,武汉
104183,80,2023-07-22,Electronics,714.9,深圳
101641,339,2023-11-25,Clothing,1806.0,北京
100469,387,2023-01-29,Clothing,1012.75,杭州
104699,350,2023-12-16,Food,141.92,上海
104326,82,2023-07-03,Clothing,44.9,上海
100853,364,2023-03-01,Food,1128.94,武汉
102844,216,2023-01-30,Electronics,1731.68,杭州
104696,201,2023-10-27,Electronics,1580.79,武汉
102677,126,2023-12-17,Books,1979.53,广州
103983,422,2023-10-11,Food,1365.22,成都
102413,246,2023-11-23,Clothing,823.14,上海
100352,86,2023-12-20,Books,,北京
102779,84,2023-04-18,Electronics,1881.98,成都
102554,478,2023-01-06,Clothing,889.74,深圳
101544,406,2023-03-16,Electronics,587.48,杭州
101245,321,2023-06-12,Books,818.0,武汉
103776,272,2023-11-29,Electronics,691.36,杭州
100203,117,2023-02-16,Books,1956.89,上海
101602,333,2023-05-04,Books,1685.76,深圳
102236,232,2023-03-29,Food,1186.43,深圳
103519,414,2023-03-14,Electronics,189.21,西安
104871,408,2023-04-11,Books,1149.47,西安
100140,436,2023-06-16,Clothing,980.22,成都
100161,339,2023-02-11,Clothing,487.33,上海
103248,73,2023-08-12,Food,1743.31,广州
104852,426,2023-01-29,Books,1951.48,广州
101782,219,2023-08-19,Books,870.69,成都
102040,350,2023-10-10,Clothing,669.11,成都
102869,204,2023-11-13,Electronics,405.25,上海
103992,267,2023-11-30,Clothing,,杭州
104794,298,2023-09-16,Food,1393.33,深圳
101364,358,2023-11-10,Clothing,1577.51,上海
102213,475,2023-03-04,Clothing,1216.16,北京
104327,454,2023-07-24,Food,1090.05,广州
101271,429,2023-09-11,Books,1543.03,深圳
104546,366,2023-11-12,Food,206.59,广州
102123,28,2023-07-10,Books,397.51,上海
102789,72,2023-12-22,Books,1526.95,北京
102573,96,2023-06-12,Electronics,1535.78,北京
101733,484,2023-02-07,Books,1530.56,西安
103710,266,2023-12-28,Electronics,1333.66,广州
104227,279,2023-12-07,Books,997.86,杭州
102026,317,2023-03-20,Clothing,506.44,上海
100375,156,2023-03-26,Clothing,652.09,深圳
100850,432,2023-12-26,Food,1426.63,深圳
102871,367,2023-06-24,Food,799.55,武汉
104067,145,2023-12-14,Food,1915.8,西安
100983,256,2023-04-13,Clothing,1473.5,杭州
104404,21,2023-07-23,Books,586.86,北京
101586,431,2023-05-08,Books,598.01,北京
103004,9,2023-11-15,Books,1983.49,成都
102069,298,2023-11-19,Books,319.73,深圳
103603,238,2023-01-06,Clothing,1700.6,广州
101574,381,2023-02-06,Books,194.18,杭州
101032,367,2023-11-27,Books,1658.57,深圳
104945,329,2023-05-10,Food,1996.66,西安
103068,422,2023-11-27,Clothing,1915.87,上海
101933,162,2023-03-16,Food,1676.06,西安
104963,67,2023-07-10,Food,1138.23,西安
102336,201,2023-07-17,Electronics,933.29,武汉
101161,23,2023-03-29,Food,1135.33,广州
100441,245,2023-06-15,Clothing,23.59,武汉
100765,461,2023-01-30,Books,1324.46,广州
103341,324,2023-07-04,Food,1602.42,成都
100365,342,2023-06-27,Electronics,1104.49,杭州
102015,83,2023-03-13,Food,1496.71,北京
103302,451,2023-05-08,Books,1811.3,上海
102860,394,2023-03-24,Clothing,1121.37,成都
104413,369,2023-07-19,Books,212.63,成都
102079,138,2023-03-15,Electronics,1586.88,北京
104899,211,2023-09-01,Food,1554.44,北京
103837,287,2023-09-16,Clothing,932.08,
103037,391,2023-09-08,Food,1096.37,深圳
103955,18,2023-01-02,Clothing,1469.34,北京
102278,327,2023-05-28,Food,1470.43,上海
103775,212,2023-04-27,Clothing,261.7,杭州
104005,443,2023-07-31,Food,271.7,杭州
104364,479,2023-07-01,Clothing,1850.56,广州
104562,98,2023-01-18,Books,351.61,上海
102838,153,2023-03-05,Books,315.82,成都
104668,43,2023-04-06,Clothing,1727.75,上海
102342,336,2023-03-19,Food,1315.31,成都
104740,184,2023-11-06,Clothing,443.6,武汉
102586,244,2023-03-13,Books,1177.77,成都
101643,370,2023-06-10,Food,25.73,杭州
100551,114,2023-09-19,Clothing,897.1,武汉
101170,26,2023-04-05,Clothing,119.58,成都
104751,76,2023-04-03,Books,428.02,武汉
103803,10,2023-01-17,Electronics,1959.85,武汉
100036,225,2023-09-22,Books,250.8,深圳
103510,151,2023-04-09,Electronics,1340.64,西安
102891,221,2023-12-27,Clothing,1972.55,深圳
104720,260,2023-02-20,Food,730.94,
103161,479,2023-09-17,Books,147.51,广州
100179,443,2023-09-21,Electronics,1318.74,西安
103979,144,2023-02-17,Books,1880.53,武汉
103033,177,2023-01-31,Books,169.1,西安
101346,104,2023-06-21,Clothing,73.87,北京
104382,181,2023-10-31,Books,1163.32,深圳
100468,126,2023-01-23,Books,883.54,深圳
104480,474,2023-06-18,Electronics,1581.92,深圳
102948,203,2023-04-14,Electronics,1113.95,西安
101370,386,2023-04-26,Food,711.9,杭州
100467,305,2023-01-18,Books,1199.59,北京
100205,167,2023-01-29,Food,723.34,武汉
101725,254,2023-07-05,Electronics,1768.77,深圳
103099,62,2023-11-30,Food,908.78,西安
103982,370,2023-07-07,Food,1833.33,上海
103127,406,2023-04-29,Electronics,580.17,上海
101482,291,2023-09-21,Books,540.57,西安
100087,177,2023-06-10,Books,1216.36,上海
103400,349,2023-09-25,Food,1157.61,深圳
100054,26,2023-10-27,Books,1010.67,广州
100998,417,2023-02-21,Food,1610.13,武汉
101058,376,2023-04-09,,1381.61,成都
103868,227,2023-05-19,Books,1038.77,上海
103245,434,2023-01-19,Books,735.5,深圳
103929,420,2023-10-01,Food,1379.98,西安
104445,133,2023-08-18,Books,621.44,西安
100746,421,2023-01-29,Clothing,140.58,武汉
104756,496,2023-09-09,Electronics,851.64,北京
102937,424,2023-04-27,Food,1835.99,武汉
100803,281,2023-09-12,Clothing,1379.53,西安
102694,484,2023-03-23,Food,955.82,西安
101555,161,2023-01-23,,1003.43,杭州
102892,339,2023-08-20,Food,1081.41,杭州
101153,151,2023-11-10,Electronics,1383.01,广州
104355,145,2023-09-06,Electronics,189.19,西安
103117,451,2023-09-01,Clothing,38.54,上海
101501,208,2023-05-03,Electronics,308.42,北京
102519,354,2023-04-18,Books,1095.72,
100071,2,2023-06-20,Clothing,1277.86,杭州
100065,342,2023-10-11,,1864.19,上海
101089,4,2023-06-03,Clothing,437.5,成都
100578,87,2023-08-23,Books,1103.96,上海
104401,6,2023-11-06,Clothing,1329.13,武汉
100960,83,2023-07-19,Electronics,1610.7,广州
102146,391,2023-08-15,Clothing,1880.26,西安
101546,299,2023-12-17,Books,180.62,西安
102496,186,2023-10-02,Clothing,1970.58,武汉
102487,149,2023-05-18,Clothing,1780.72,武汉
100166,332,2023-03-18,Food,1655.0,上海
101212,140,2023-03-18,Clothing,554.54,北京
103851,1,2023-09-15,Clothing,539.18,武汉
101864,304,2023-10-09,Clothing,480.26,上海
101108,398,2023-08-09,Food,1372.63,上海
101633,126,2023-08-31,Food,580.65,广州
101433,114,2023-03-07,Clothing,1379.21,杭州
101779,293,2023-03-22,Food,516.51,上海
102498,170,2023-07-31,Clothing,1110.37,深圳
102310,458,2023-05-14,Food,1198.11,广州
101540,396,2023-08-21,Books,245.84,深圳
102827,26,2023-07-25,Food,785.65,武汉
104399,106,2023-07-24,Electronics,1994.51,杭州
102386,309,2023-12-02,Clothing,1996.2,广州
102374,485,2023-03-08,Food,1449.43,上海
103012,199,2023-01-19,Food,1396.74,成都
101749,266,2023-10-28,Clothing,124.06,北京
103285,342,2023-10-08,Electronics,1997.3,广州
100384,153,2023-08-21,,1380.34,广州
103041,215,2023-01-13,Clothing,1578.65,武汉
104315,91,2023-07-12,Food,1373.35,杭州
101980,195,2023-01-14,Clothing,164.27,上海
101428,53,2023-04-22,Clothing,1011.73,深圳
104810,129,2023-07-16,Electronics,1795.63,广州
102815,131,2023-06-24,Books,1546.3,西安
103035,358,2023-12-15,Electronics,1142.71,成都
101188,154,2023-09-17,Food,1536.39,上海
101209,53,2023-09-24,Food,54.74,杭州
100792,10,2023-04-27,Clothing,1457.07,广州
104210,500,2023-03-23,Electronics,151.53,西安
104657,45,2023-06-22,Books,1688.52,成都
100579,294,2023-02-28,Food,1552.47,成都
104303,128,2023-11-18,Clothing,908.23,上海
103565,56,2023-04-05,Clothing,595.92,广州
104892,333,2023-10-15,Books,50.66,深圳
103232,436,2023-11-11,Books,55.82,杭州
103347,243,2023-08-02,Books,1829.07,深圳
103521,124,2023-10-31,Electronics,1265.44,深圳
103727,149,2023-05-07,Electronics,1146.38,杭州
104884,142,2023-04-19,Books,111.95,武汉
100004,113,2023-08-18,Food,1620.77,北京
103141,281,2023-07-22,Books,445.95,成都
101597,236,2023-12-21,Books,1738.87,西安
102064,167,2023-01-30,Electronics,1649.62,深圳
101969,485,2023-09-23,Food,1321.72,西安
100525,96,2023-08-09,Books,1118.4,武汉
103533,414,2023-03-05,Food,226.62,杭州
100574,70,2023-04-10,Books,1928.02,西安
104748,211,2023-08-19,Electronics,1476.12,西安
102053,85,2023-08-13,Books,1129.37,武汉
100495,269,2023-01-18,Electronics,1890.92,北京
103662,200,2023-03-27,Clothing,813.27,深圳
104604,479,2023-08-22,Books,1482.63,北京
101921,463,2023-07-16,Food,448.55,杭州
102822,73,2023-12-15,Clothing,1554.06,深圳
104842,21,2023-03-10,Books,803.02,杭州
100683,137,2023-10-01,Electronics,1530.46,深圳
102926,157,2023-09-12,Food,1543.98,北京
100916,335,2023-03-18,Food,791.07,杭州
101870,259,2023-11-09,Books,1523.05,西安
102616,92,2023-03-25,Books,1367.86,上海
103761,473,2023-06-22,Electronics,1157.09,成都
103182,156,2023-03-12,Food,1842.26,西安
104792,59,2023-11-13,Clothing,1978.73,杭州
102311,289,2023-08-12,Food,,广州
103080,330,2023-05-25,Food,1135.58,北京
103301,55,2023-03-17,Clothing,1690.53,深圳
100780,171,2023-11-20,Clothing,633.69,北京
104669,363,2023-07-25,Electronics,628.8,武汉
104018,208,2023-03-12,Electronics,668.39,北京
104389,309,2023-05-20,Books,1260.27,北京
104124,337,2023-11-04,Books,534.7,深圳
100436,456,2023-03-10,Books,552.95,上海
102897,428,2023-04-03,Electronics,1302.32,西安
101228,419,2023-02-24,Food,1116.74,上海
101518,431,2023-12-06,Electronics,1384.46,深圳
102887,12,2023-10-14,Books,1122.4,北京
100515,405,2023-12-19,Electronics,1006.58,成都
101310,251,2023-07-19,Electronics,1587.55,杭州
103018,192,2023-02-03,Clothing,1148.1,深圳
103669,322,2023-11-16,Electronics,1756.72,上海
101519,130,2023-10-10,Books,625.44,成都
102807,169,2023-12-30,Books,1340.03,杭州
100285,125,2023-08-12,Books,1052.69,武汉
102987,44,2023-01-11,Electronics,1841.14,北京
101044,63,2023-05-08,Books,1544.74,西安
103566,398,2023-08-09,Books,1132.19,北京
104547,74,2023-05-22,Books,66.04,西安
103524,490,2023-02-12,Books,1519.21,成都
101761,113,2023-05-15,Clothing,686.24,深圳
103396,208,2023-10-05,Electronics,535.92,深圳
103454,17,2023-03-02,Clothing,739.62,杭州
100732,164,2023-02-04,Electronics,782.32,武汉
104786,96,2023-02-09,Food,1555.49,杭州
100645,379,2023-11-15,Clothing,933.21,西安
103520,270,2023-08-27,Electronics,1093.31,深圳
103066,183,2023-11-14,Books,1128.14,杭州
102111,16,2023-03-17,Food,291.14,深圳
103874,57,2023-03-05,Clothing,1447.54,广州
100026,58,2023-05-31,Books,324.73,北京
100074,299,2023-10-10,Clothing,865.28,北京
102895,301,2023-03-03,Electronics,1231.56,武汉
103789,230,2023-02-24,Clothing,1189.57,上海
102477,252,2023-10-13,Clothing,1422.88,北京
104272,401,2023-10-04,Electronics,75.01,成都
103850,297,2023-05-05,Books,557.68,广州
103052,323,2023-06-09,Books,1227.14,广州
103985,2,2023-10-23,Clothing,261.39,成都
104804,197,2023-04-04,Food,1285.43,深圳
102209,108,2023-12-18,Books,756.76,成都
104163,167,2023-11-29,Electronics,82.37,广州
103543,219,2023-01-10,Electronics,1888.26,北京
104665,275,2023-01-12,Books,816.25,北京
102291,58,2023-05-19,Electronics,304.32,武汉
101372,191,2023-06-26,Books,977.59,上海
104088,283,2023-04-20,Food,1077.94,深圳
101917,66,2023-09-12,Electronics,609.68,西安
103061,262,2023-02-18,Books,1502.88,成都
100581,53,2023-12-01,,602.44,
103867,427,2023-10-10,Clothing,202.83,上海
102882,165,2023-12-26,Clothing,1593.16,广州
100652,460,2023-09-24,Books,1404.69,成都
103809,294,2023-01-02,Food,506.09,上海
100668,299,2023-10-28,Food,1835.68,上海
103745,340,2023-01-13,Electronics,612.55,西安
102430,196,2023-11-29,Electronics,1910.81,深圳
104037,52,2023-08-15,Clothing,1690.6,西安
103003,150,2023-12-31,Electronics,715.88,西安
101013,139,2023-08-16,Food,1498.31,西安
103290,100,2023-08-03,Clothing,841.0,广州
101493,103,2023-08-01,Books,510.02,西安
101011,41,2023-03-24,Food,464.15,成都
102836,6,2023-11-23,Electronics,1046.03,上海
104074,59,2023-02-16,Food,1685.29,深圳
100614,180,2023-08-08,Food,1584.24,深圳
101801,291,2023-11-19,Books,1960.54,深圳
104655,416,2023-04-18,Food,116.76,武汉
101728,378,2023-04-26,Books,1915.97,深圳
103946,9,2023-02-02,Books,928.01,武汉
102408,44,2023-05-08,Food,681.69,武汉
104143,70,2023-05-03,Food,1556.07,上海
103137,418,2023-04-16,Books,172.67,武汉
103839,137,2023-01-23,Food,466.38,上海
101460,183,2023-09-01,Books,1975.17,杭州
101046,267,2023-12-07,Clothing,950.92,杭州
104433,4,2023-09-08,Electronics,1939.2,杭州
101535,94,2023-07-21,Books,1890.07,深圳
100849,413,2023-03-10,Clothing,831.36,杭州
103714,262,2023-12-09,Books,771.0,深圳
103599,12,2023-07-23,Food,143.64,深圳
100115,245,2023-01-04,Food,604.24,武汉
101314,482,2023-12-14,Clothing,1484.69,深圳
100170,456,2023-08-10,Food,1211.39,北京
104214,208,2023-01-19,Books,439.08,广州
104749,256,2023-12-30,Food,695.08,广州
101695,156,2023-10-18,Books,897.5,深圳
103019,399,2023-02-14,Electronics,29.19,北京
100815,410,2023-08-04,Clothing,234.98,北京
103469,261,2023-11-07,Electronics,490.57,上海
101343,38,2023-08-30,Books,118.14,武汉
104452,43,2023-02-05,Clothing,486.9,广州
104222,62,2023-10-28,Electronics,710.43,北京
101459,392,2023-10-25,Food,,武汉
101796,192,2023-03-13,Clothing,618.09,北京
101578,463,2023-12-17,Clothing,724.5,上海
101925,335,2023-11-25,Books,1618.81,深圳
102339,22,2023-07-01,Clothing,941.14,西安
102329,13,2023-09-16,Books,787.52,上海
103575,208,2023-10-30,Food,1093.56,广州
102894,442,2023-01-04,Electronics,,成都
104526,58,2023-12-28,Clothing,1664.0,成都
102119,499,2023-02-17,Books,1956.07,广州
101737,34,2023-02-22,Electronics,1122.92,杭州
104099,177,2023-11-01,Clothing,1870.46,西安
102113,241,2023-03-13,Food,945.67,成都
101498,78,2023-12-17,Food,1689.8,武汉
104706,296,2023-03-12,,1088.24,杭州
100382,317,2023-11-24,Electronics,1001.1,杭州
104685,307,2023-01-29,Clothing,941.22,武汉
104726,14,2023-08-24,Clothing,131.68,西安
101981,273,2023-02-26,Books,141.26,上海
100836,50,2023-12-04,Clothing,14.37,成都
104755,426,2023-07-09,Books,857.59,上海
102288,232,2023-09-09,Food,1979.69,杭州
104926,340,2023-04-24,Electronics,694.04,北京
103870,321,2023-07-12,Food,1096.37,深圳
101658,190,2023-12-13,Books,1180.6,武汉
103732,369,2023-02-27,Clothing,985.75,成都
104408,169,2023-09-05,Food,1336.85,深圳
101894,269,2023-08-02,Food,,广州
100633,172,2023-08-08,Food,1052.47,杭州
100152,284,2023-05-30,Clothing,1279.36,西安
104145,27,2023-12-08,Food,1304.82,深圳
104055,2,2023-07-21,Books,,广州
100147,181,2023-12-26,Books,549.12,杭州
101074,336,2023-09-09,Electronics,941.44,北京
102248,133,2023-01-23,Electronics,105.53,杭州
101846,337,2023-05-23,Food,97.44,深圳
101994,486,2023-06-06,Books,1543.45,上海
100450,40,2023-10-16,Electronics,132.9,深圳
102989,104,2023-03-19,Clothing,622.05,上海
102804,413,2023-03-15,Clothing,1321.83,上海
101562,364,2023-10-15,Books,920.94,上海
101301,245,2023-08-12,Books,,上海
102114,228,2023-11-27,Electronics,580.67,广州
102432,434,2023-09-28,Electronics,1218.13,西安
104943,100,2023-12-11,Food,568.42,深圳
100049,86,2023-07-28,Books,967.9,武汉
102618,336,2023-07-27,Electronics,330.16,广州
103080,330,2023-05-25,Food,1135.58,北京
100172,296,2023-01-21,,946.3,西安
102904,174,2023-08-20,Electronics,1052.5,北京
103053,272,2023-05-25,Food,1452.27,广州
102071,48,2023-09-11,Clothing,924.19,广州
104329,294,2023-03-22,Clothing,1189.13,上海
101309,19,2023-04-09,Electronics,1442.28,深圳
101876,3,2023-01-07,Food,987.99,武汉
101270,176,2023-02-13,Clothing,1195.13,广州
101955,398,2023-12-21,Electronics,1557.68,武汉
103236,308,2023-12-24,Books,345.08,武汉
102644,310,2023-07-24,Clothing,1359.63,杭州
102109,357,2023-08-06,Food,117.63,上海
103752,60,2023-02-27,Books,811.37,广州
104426,162,2023-08-06,Clothing,376.63,广州
104048,199,2023-02-06,Electronics,128.06,西安
102598,67,2023-12-06,Food,1579.25,北京
102139,174,2023-05-29,Food,1250.71,武汉
104976,500,2023-11-03,Electronics,317.97,广州
101352,377,2023-05-07,Clothing,661.32,深圳
100874,112,2023-11-13,Books,1993.3,北京
100310,99,2023-04-26,Clothing,318.34,杭州
103192,246,2023-11-11,Books,1295.62,广州
102084,11,2023-01-23,Electronics,1093.84,上海
104313,128,2023-04-23,Books,371.76,
101661,259,2023-03-07,Books,1425.19,广州
101711,276,2023-01-16,Books,1347.77,成都
100261,445,2023-01-27,Food,1204.82,成都
100991,235,2023-03-03,Books,638.15,北京
104392,217,2023-10-30,Food,135.23,西安
103384,144,2023-06-24,Books,1962.81,成都
104514,40,2023-01-18,Electronics,1250.67,西安
100250,434,2023-07-25,Books,1375.33,西安
100279,273,2023-12-27,,1005.52,成都
102952,225,2023-03-15,Books,1198.03,北京
101045,127,2023-01-18,Clothing,927.06,上海
103240,232,2023-01-12,Books,1147.6,成都
100146,243,2023-10-11,Food,856.75,成都
104333,331,2023-07-29,Clothing,1655.07,杭州
104236,26,2023-12-22,Food,1191.19,北京
100030,307,2023-06-15,Books,48.76,成都
103064,365,2023-03-15,Food,1697.07,北京
100887,199,2023-08-19,Books,871.72,北京
103293,373,2023-09-05,Electronics,446.0,广州
102215,59,2023-04-22,Electronics,661.8,深圳
103222,476,2023-10-10,Food,,广州
102630,151,2023-07-02,Books,44.86,成都
103638,260,2023-05-30,Clothing,603.29,成都
101413,115,2023-01-14,Electronics,316.51,杭州
101946,296,2023-03-12,Books,1394.95,杭州
102995,354,2023-05-08,Electronics,1331.1,广州
101603,45,2023-06-04,Books,304.85,武汉
104008,413,2023-06-09,Electronics,434.3,上海
103531,470,2023-01-02,Clothing,789.61,成都
100443,299,2023-10-21,Electronics,530.49,成都
100317,237,2023-05-25,Books,1010.78,武汉
100003,120,2023-09-16,Electronics,1126.88,武汉
102675,90,2023-08-30,Clothing,652.22,杭州
100204,228,2023-03-27,Food,1807.81,北京
101532,434,2023-11-01,Books,1587.36,成都
100881,321,2023-02-03,Clothing,1343.97,深圳
102309,128,2023-12-14,Books,850.9,上海
104455,246,2023-10-06,Books,400.64,杭州
101513,110,2023-05-21,Books,822.67,北京
103244,246,2023-03-22,Clothing,446.08,深圳
104172,402,2023-05-07,Food,264.36,成都
103642,121,2023-10-06,Books,900.68,西安
100769,352,2023-10-01,Books,1813.99,成都
100465,480,2023-02-27,Electronics,1620.86,武汉
102938,23,2023-03-21,Clothing,1201.52,杭州
102327,59,2023-02-04,Electronics,314.51,上海
104161,474,2023-11-19,Food,1632.43,西安
104090,143,2023-05-23,Books,1974.93,深圳
101517,421,2023-06-07,Electronics,1294.34,北京
102303,145,2023-10-31,Electronics,115.85,杭州
104003,358,2023-05-31,Clothing,1623.35,广州
101079,292,2023-11-17,Clothing,1121.26,武汉
103090,113,2023-04-30,Clothing,1909.3,广州
101781,118,2023-10-26,Electronics,935.85,成都
103118,372,2023-05-01,Books,1740.89,杭州
102484,60,2023-04-01,Books,1913.07,上海
102639,370,2023-12-01,Electronics,1675.34,武汉
103259,442,2023-11-08,Food,1151.99,
103539,357,2023-05-31,Clothing,1044.16,武汉
103863,447,2023-04-09,Food,554.46,武汉
100035,366,2023-06-09,Books,,成都
101561,224,2023-03-01,Books,91.18,成都
100847,259,2023-07-16,Books,1959.21,深圳
103483,148,2023-09-09,Electronics,309.65,杭州
100351,339,2023-06-01,Food,897.37,武汉
103728,444,2023-05-10,Books,1226.31,上海
102042,108,2023-10-27,Books,183.59,上海
101660,353,2023-09-08,Books,1649.39,广州
103664,53,2023-04-25,Electronics,1124.27,武汉
102212,178,2023-09-05,Electronics,325.19,杭州
104175,117,2023-12-25,Clothing,1788.31,广州
100681,30,2023-08-30,Food,1536.02,深圳
102086,13,2023-04-27,Books,776.91,成都
100093,216,2023-12-07,Books,1357.86,广州
101560,19,2023-08-29,Food,335.47,西安
102360,98,2023-04-17,Books,1006.69,成都
103547,394,2023-04-22,Food,1796.01,成都
103198,388,2023-12-19,Clothing,943.96,上海
101732,491,2023-06-24,Electronics,1645.05,深圳
103424,113,2023-08-13,Clothing,44.12,深圳
104725,73,2023-01-19,Food,138.67,上海
102935,106,2023-12-19,Electronics,1849.38,北京
102224,192,2023-11-20,Electronics,904.31,北京
101036,317,2023-08-20,Food,1403.94,西安
103056,353,2023-04-30,Food,1271.4,西安
100518,16,2023-11-21,Food,1569.26,西安
101099,325,2023-11-20,Books,117.71,北京
102061,329,2023-05-08,Clothing,1073.84,北京
101196,410,2023-07-01,Electronics,1939.53,杭州
102121,201,2023-04-05,Electronics,1634.95,西安
102768,133,2023-04-25,Food,,深圳
103505,110,2023-02-23,Food,1921.94,杭州
100110,121,2023-05-20,Food,646.22,上海
100620,185,2023-06-12,Clothing,779.81,武汉
103234,165,2023-01-11,Books,1020.04,武汉
100275,270,2023-12-08,Food,100.38,武汉
100462,271,2023-03-07,Clothing,1671.3,北京
104912,252,2023-03-03,Clothing,843.17,成都
104002,450,2023-09-16,Food,1127.93,成都
101746,66,2023-06-09,Books,1031.12,成都
102714,300,2023-10-25,Books,933.9,北京
100575,210,2023-12-17,Books,837.1,西安
104830,499,2023-06-14,Books,1424.1,西安
104675,55,2023-12-20,Books,1497.6,西安
102581,425,2023-11-20,Clothing,83.09,武汉
101667,15,2023-03-15,Clothing,1569.75,武汉
100807,464,2023-05-12,Clothing,918.93,杭州
101619,81,2023-11-07,Books,210.8,武汉
100048,26,2023-11-30,Electronics,,深圳
103428,33,2023-10-18,Electronics,490.04,杭州
101639,368,2023-09-22,Electronics,,成都
101999,208,2023-01-08,Clothing,1822.66,北京
101616,371,2023-12-31,Books,1920.01,成都
103376,19,2023-08-20,Clothing,17.41,成都
101297,37,2023-10-20,Food,1556.7,北京
101104,281,2023-07-24,Food,179.31,武汉
102880,412,2023-05-15,Books,746.75,
102861,380,2023-07-25,Food,1564.13,广州
103581,398,2023-05-17,Books,1087.52,深圳
100229,469,2023-11-09,Clothing,1298.83,西安
102840,58,2023-11-17,Books,857.56,广州
103774,227,2023-02-13,Books,858.14,北京
102642,192,2023-10-21,Books,438.27,武汉
104065,8,2023-03-19,Electronics,185.89,武汉
100790,223,2023-12-18,Clothing,692.04,西安
100995,188,2023-04-05,Books,853.65,武汉
104039,330,2023-01-15,Clothing,1336.19,上海
104753,31,2023-12-28,Clothing,359.13,广州
103571,167,2023-12-10,Food,1303.88,广州
104098,209,2023-05-10,Books,402.11,北京
102959,36,2023-05-06,Food,1118.14,广州
100383,329,2023-06-04,Books,497.31,武汉
100548,56,2023-05-08,Food,341.01,北京
104029,471,2023-04-30,Food,1636.97,
102502,18,2023-05-20,Electronics,1627.86,武汉
102661,282,2023-07-29,Food,1505.05,武汉
100942,68,2023-02-25,Electronics,412.67,武汉
100833,487,2023-06-24,Food,1652.37,深圳
101092,136,2023-07-07,Clothing,473.66,杭州
101879,472,2023-03-05,Books,1864.94,广州
100212,328,2023-08-06,Food,919.1,杭州
102684,425,2023-01-21,Food,804.86,西安
102859,142,2023-08-17,Electronics,655.78,杭州
101193,457,2023-10-02,Food,930.32,武汉
102128,124,2023-05-18,Electronics,1953.56,北京
100476,95,2023-10-03,Books,489.53,深圳
103286,478,2023-07-13,Food,1324.63,西安
100560,491,2023-08-25,Clothing,1597.53,广州
104692,345,2023-10-09,Food,1570.91,西安
102323,354,2023-06-19,Electronics,251.67,北京
102770,97,2023-03-17,Clothing,623.88,上海
101412,428,2023-10-27,Food,993.26,西安
101175,394,2023-06-03,Food,743.45,武汉
100025,350,2023-10-02,Food,1539.51,成都
102863,163,2023-06-06,Electronics,1829.2,上海
102736,425,2023-06-11,Books,622.95,武汉
104233,500,2023-05-20,Books,1236.75,西安
104387,295,2023-02-18,Clothing,654.11,深圳
104159,350,2023-06-15,Books,384.72,西安
101890,301,2023-06-07,Books,1507.4,上海
104063,430,2023-12-13,Electronics,718.78,北京
101198,293,2023-11-07,Books,382.88,上海
103952,302,2023-09-19,Electronics,1574.48,杭州
100603,372,2023-12-25,Clothing,864.17,上海
100762,153,2023-12-17,Electronics,968.66,成都
104937,324,2023-05-22,Electronics,159.77,北京
103481,407,2023-09-16,Food,1507.53,杭州
104087,87,2023-09-02,Clothing,12.43,广州
101790,145,2023-06-27,Books,1892.17,北京
101233,89,2023-12-06,Electronics,1481.34,西安
100451,294,2023-10-02,Clothing,337.43,西安
104220,169,2023-06-08,Clothing,71.45,成都
103339,123,2023-09-20,Books,1914.55,深圳
103612,221,2023-05-22,Food,1989.91,深圳
100567,317,2023-03-30,Food,1838.18,上海
103444,406,2023-11-03,Clothing,97.9,杭州
102805,368,2023-07-26,Food,1774.97,上海
104339,33,2023-11-25,Electronics,361.79,广州
103828,274,2023-03-12,Clothing,1518.09,西安
104124,337,2023-11-04,Books,534.7,深圳
101805,17,2023-12-19,Books,63.41,深圳
103450,322,2023-10-20,Electronics,1337.92,深圳
100089,1,2023-09-24,Clothing,734.8,上海
102876,75,2023-01-07,Food,494.92,北京
101308,250,2023-02-13,Books,1473.3,广州
100947,118,2023-09-04,Books,707.53,上海
103821,27,2023-09-21,Books,1641.43,广州
100734,403,2023-12-25,Books,233.91,广州
103256,126,2023-01-05,Food,1712.26,杭州
102912,16,2023-11-15,Electronics,1871.23,上海
101711,276,2023-01-16,Books,1347.77,成都
101832,87,2023-02-09,Electronics,1357.99,广州
103596,344,2023-03-08,Clothing,695.66,上海
101727,3,2023-07-20,Clothing,676.06,北京
100222,426,2023-03-26,Food,1828.96,西安
103916,147,2023-10-03,Books,1367.52,上海
103696,166,2023-06-24,Books,77.24,深圳
100449,391,2023-05-07,Electronics,1055.76,成都
101367,317,2023-01-21,Food,739.2,上海
102186,283,2023-07-15,Electronics,399.16,西安
101569,429,2023-06-15,Clothing,67.46,西安
101339,249,2023-09-21,Electronics,151.01,深圳
101715,99,2023-02-16,Food,1618.74,深圳
102324,360,2023-04-15,Clothing,1128.48,西安
104851,165,2023-07-24,Food,806.46,武汉
104360,3,2023-06-28,Clothing,1498.51,成都
101692,32,2023-06-12,Books,1110.71,上海
100023,306,2023-02-02,Books,769.42,西安
101289,130,2023-05-31,Books,1324.35,上海
103132,417,2023-12-11,Books,1354.66,武汉
102561,314,2023-03-20,Clothing,1743.12,广州
104807,360,2023-04-28,Electronics,968.42,深圳
104359,378,2023-12-19,Clothing,1415.4,北京
103113,111,2023-11-27,Clothing,1942.17,成都
100492,292,2023-05-06,Books,1105.78,成都
104699,350,2023-12-16,Food,141.92,上海
102900,357,2023-08-31,,1696.06,广州
103216,224,2023-07-18,Food,247.7,广州
102366,447,2023-03-22,Food,158.81,深圳
101141,41,2023-12-19,Books,276.83,西安
103641,356,2023-12-02,Books,192.41,广州
104129,40,2023-02-10,Food,1698.2,西安
103812,476,2023-07-22,Books,1281.37,上海
102411,429,2023-05-16,Clothing,893.18,北京
104791,79,2023-07-11,Food,694.66,北京
102094,478,2023-05-16,Electronics,1579.82,广州
103121,20,2023-09-12,Books,1662.6,武汉
102166,176,2023-06-02,Clothing,405.22,武汉
101065,376,2023-04-05,Electronics,1243.27,成都
104831,70,2023-07-27,Clothing,45.8,杭州
101922,341,2023-09-01,Electronics,1334.3,西安
103819,313,2023-08-17,Electronics,143.32,杭州
101580,244,2023-05-18,Books,189.54,武汉
101286,30,2023-11-01,Clothing,1901.47,上海
103353,9,2023-09-14,Food,1540.11,北京
102755,117,2023-08-24,Food,672.69,杭州
104499,154,2023-04-19,Books,421.1,上海
104385,360,2023-07-20,Books,743.59,武汉
101019,44,2023-12-02,Books,625.65,深圳
103122,90,2023-01-07,Electronics,1316.65,杭州
100633,172,2023-08-08,Food,1052.47,杭州
101294,476,2023-04-13,,365.1,西安
104325,95,2023-08-20,Books,953.59,广州
100749,471,2023-07-04,Clothing,555.22,西安
101998,347,2023-09-18,Clothing,964.52,上海
103378,384,2023-01-04,Food,1725.39,上海
100260,344,2023-03-04,Books,713.66,武汉
101510,255,2023-02-16,Clothing,1203.64,成都
100902,372,2023-10-25,Books,1903.56,成都
103735,204,2023-01-28,Clothing,354.8,北京
101765,157,2023-08-22,Clothing,745.58,成都
100753,384,2023-12-19,Electronics,577.29,武汉
101199,443,2023-06-07,Food,1422.58,杭州
104152,48,2023-10-13,Food,643.49,深圳
103196,144,2023-08-26,Food,613.96,成都
103176,293,2023-04-06,Clothing,897.74,成都
104955,131,2023-09-14,Electronics,1402.83,西安
101446,226,2023-12-11,Electronics,369.89,成都
101588,212,2023-02-18,Books,1325.1,杭州
100124,115,2023-11-29,Electronics,1564.65,北京
104816,139,2023-04-18,Clothing,209.73,上海
101125,288,2023-12-31,Electronics,89.11,杭州
100402,286,2023-07-07,Clothing,406.13,武汉
104429,133,2023-09-13,Food,966.0,武汉
100168,225,2023-03-05,Books,1380.47,武汉
100571,96,2023-09-07,Clothing,1114.28,西安
102145,364,2023-08-24,Food,1972.43,杭州
100861,355,2023-12-07,Electronics,1853.7,武汉
101396,72,2023-12-14,Electronics,623.08,武汉
103133,185,2023-08-10,Electronics,1208.28,广州
103807,468,2023-05-10,Electronics,49.1,杭州
104890,232,2023-09-01,Clothing,1157.96,上海
101690,193,2023-03-03,Electronics,413.09,深圳
104469,277,2023-11-01,Books,1330.51,杭州
102797,468,2023-07-28,Electronics,1083.56,广州
100826,165,2023-05-04,Food,1940.59,北京
104799,83,2023-10-24,Electronics,894.22,成都
101822,391,2023-10-11,Electronics,1990.68,上海
103902,101,2023-02-10,Clothing,1159.9,成都
100423,490,2023-02-10,Food,1848.78,杭州
104802,206,2023-04-12,Electronics,967.43,杭州
104504,279,2023-06-14,Books,189.79,杭州
104280,374,2023-03-23,Clothing,410.07,广州
101960,153,2023-10-20,Clothing,207.89,上海
100519,252,2023-04-27,Food,1110.55,武汉
104837,87,2023-06-03,Books,,武汉
102509,48,2023-04-24,Books,1126.38,西安
104942,30,2023-11-22,Clothing,1988.59,武汉
101556,383,2023-07-04,Books,573.02,杭州
103243,118,2023-05-18,Food,1824.08,杭州
102565,460,2023-12-30,Clothing,1812.39,成都
102948,203,2023-04-14,Electronics,1113.95,西安
103723,167,2023-12-01,Food,1407.92,深圳
103190,400,2023-07-22,Electronics,393.29,成都
104681,322,2023-03-03,Electronics,420.01,西安
101063,36,2023-09-29,Clothing,904.27,杭州
100586,273,2023-05-24,Clothing,654.07,杭州
100848,141,2023-07-23,Food,1941.28,西安
100299,366,2023-02-13,Clothing,87.89,西安
102856,323,2023-06-18,Electronics,591.63,武汉
102879,322,2023-10-22,Books,1496.12,成都
100996,359,2023-07-10,Food,1710.11,杭州
100608,46,2023-02-22,Electronics,633.57,杭州
102854,437,2023-08-24,Electronics,1880.99,武汉
102312,350,2023-04-13,Food,280.02,深圳
102203,372,2023-07-13,Food,1321.92,杭州
103081,453,2023-09-19,Electronics,1448.33,广州
102333,95,2023-03-14,Clothing,349.84,深圳
101006,296,2023-10-22,Clothing,1958.95,杭州
104947,415,2023-12-05,Clothing,603.53,成都
104654,155,2023-03-16,Clothing,478.23,杭州
104629,147,2023-12-07,Books,237.7,北京
103057,403,2023-05-24,Food,1158.67,成都
100118,371,2023-03-26,Books,1839.89,北京
100164,360,2023-08-21,Electronics,1377.9,杭州
104292,235,2023-02-04,Electronics,190.83,广州
103680,19,2023-07-01,Clothing,918.7,上海
104038,305,2023-10-09,Electronics,1862.19,
102483,215,2023-08-17,Food,502.32,武汉
100623,21,2023-01-31,Books,1018.16,武汉
101171,19,2023-03-16,Electronics,1337.32,杭州
103681,357,2023-10-30,Books,1127.36,广州
103467,466,2023-11-29,Clothing,115.14,广州
102039,172,2023-06-05,Electronics,202.81,北京
100903,66,2023-12-10,Clothing,209.09,上海
101696,401,2023-03-14,Food,1085.48,广州
101505,338,2023-10-09,Clothing,1292.14,北京
102099,247,2023-12-22,Books,1207.47,成都
102650,477,2023-10-13,Electronics,692.47,成都
101165,492,2023-04-14,Electronics,1248.9,杭州
104686,55,2023-08-07,Electronics,,上海
102116,258,2023-03-24,Electronics,798.82,武汉
102604,3,2023-09-02,Clothing,695.98,西安
101550,311,2023-12-10,Electronics,20.67,武汉
104063,430,2023-12-13,Electronics,718.78,北京
103895,61,2023-03-31,Clothing,595.28,西安
100636,396,2023-02-22,Electronics,464.52,北京
102399,197,2023-08-16,Electronics,456.65,武汉
101457,34,2023-07-06,Clothing,683.88,武汉
102208,212,2023-02-07,Books,1918.84,上海
100504,236,2023-10-17,Clothing,1980.56,深圳
101991,348,2023-11-08,Books,1416.51,广州
102801,160,2023-09-01,Books,1800.1,杭州
100812,490,2023-11-15,Food,1758.17,上海
103299,482,2023-09-18,Food,1002.76,武汉
103942,16,2023-07-20,Clothing,1887.97,深圳
103162,238,2023-05-21,Books,1604.6,北京
104841,311,2023-12-26,Books,794.89,西安
100837,425,2023-11-21,Food,1099.9,成都
101751,403,2023-02-05,Food,386.82,西安
104883,378,2023-02-18,Food,452.04,杭州
101957,60,2023-02-12,,983.54,深圳
102577,143,2023-03-13,Food,833.83,深圳
101582,48,2023-01-21,Food,1946.81,深圳
100098,48,2023-05-01,Food,,深圳
101809,201,2023-03-22,Electronics,266.98,武汉
104911,393,2023-09-18,Electronics,1349.08,广州
104602,12,2023-10-24,Electronics,775.12,广州
102564,336,2023-11-11,Electronics,672.0,成都
101959,407,2023-10-31,Clothing,774.08,武汉
101600,98,2023-02-27,Electronics,1395.1,深圳
100466,315,2023-01-09,Clothing,420.1,上海
101018,269,2023-02-12,Electronics,532.28,广州
104396,208,2023-05-22,Electronics,1907.68,深圳
101007,182,2023-06-16,Books,1551.74,西安
100540,419,2023-07-21,Food,236.64,深圳
103991,455,2023-05-24,Electronics,126.24,西安
103990,91,2023-09-15,Clothing,1839.89,成都
104909,96,2023-02-01,Electronics,810.42,广州
102954,23,2023-10-19,Electronics,1897.69,成都
100303,286,2023-12-14,,575.45,广州
102712,381,2023-04-08,Electronics,1813.22,广州
104597,1,2023-04-17,Clothing,13.94,北京
104106,135,2023-05-07,Food,143.09,武汉
102242,205,2023-02-10,Food,992.7,北京
101952,304,2023-08-11,Clothing,1257.68,武汉
101315,474,2023-02-06,Electronics,1473.56,西安
104032,402,2023-10-17,Food,1745.13,北京
103628,168,2023-12-12,Clothing,181.52,武汉
100354,39,2023-12-10,Books,732.99,广州
102268,182,2023-08-09,Clothing,309.73,武汉
100655,122,2023-05-30,Food,1703.32,武汉
104594,164,2023-05-21,Books,,北京
103338,449,2023-06-21,Clothing,93.63,广州
100512,9,2023-04-17,Clothing,1506.99,武汉
100274,177,2023-08-09,Electronics,573.66,西安
103297,270,2023-03-21,Food,1614.32,深圳
100617,106,2023-09-23,Clothing,1498.21,杭州
103270,111,2023-08-11,Clothing,905.38,广州
101928,294,2023-07-08,Clothing,1708.13,武汉
102698,76,2023-10-27,Electronics,526.25,武汉
103331,210,2023-03-04,Food,1875.5,深圳
101411,149,2023-10-11,Books,94.04,杭州
104004,409,2023-10-18,Books,832.28,深圳
101392,477,2023-09-13,Clothing,1896.1,成都
101753,437,2023-10-24,Food,1236.05,武汉
102914,303,2023-09-23,Clothing,1801.46,西安
101723,2,2023-08-07,Electronics,1709.18,成都
101752,356,2023-12-21,Books,1203.53,成都
104908,350,2023-08-15,Electronics,820.2,深圳
101848,365,2023-10-02,Clothing,511.36,上海
102744,167,2023-09-03,Books,1904.57,北京
100328,464,2023-02-10,Electronics,519.29,广州
100427,52,2023-07-31,Food,1437.54,上海
102864,328,2023-07-27,Food,1247.38,广州
104517,20,2023-04-07,Electronics,279.38,深圳
104215,219,2023-09-09,Books,470.34,广州
100802,184,2023-12-27,Books,597.75,北京
101444,462,2023-10-03,Electronics,1947.42,上海
103100,309,2023-11-30,Books,417.13,上海
103445,278,2023-03-27,Electronics,1853.19,西安
102518,19,2023-06-14,Books,1744.14,杭州
100484,109,2023-04-08,Electronics,1496.29,西安
101309,19,2023-04-09,Electronics,1442.28,深圳
103880,168,2023-07-10,Electronics,764.18,北京
100052,80,2023-04-08,Food,443.22,北京
104434,171,2023-06-28,Clothing,212.24,北京
104155,25,2023-02-27,Books,396.05,广州
104013,216,2023-09-29,Electronics,817.21,杭州
103006,251,2023-06-13,Clothing,113.5,深圳
101806,36,2023-07-17,Food,419.73,杭州
101186,180,2023-10-14,Clothing,32.48,深圳
103266,86,2023-09-15,Books,261.22,北京
103861,465,2023-05-23,Food,996.23,杭州
101166,7,2023-08-23,Books,1712.27,北京
104663,173,2023-12-13,Food,1005.88,广州
101950,348,2023-03-28,Electronics,201.13,西安
104577,210,2023-02-10,Books,1209.33,杭州
104875,144,2023-12-19,Books,354.18,武汉
101906,162,2023-05-03,Food,1333.51,武汉
101919,125,2023-04-19,Clothing,1508.97,上海
102570,160,2023-05-21,Food,244.25,西安
102666,205,2023-05-28,Electronics,1070.0,成都
101577,62,2023-06-02,Books,1604.19,
103905,39,2023-03-17,Electronics,1839.85,北京
100959,52,2023-04-20,Books,1574.3,北京
103998,42,2023-01-23,Food,462.55,西安
103917,231,2023-08-13,Books,1530.67,深圳
100889,388,2023-10-27,Electronics,1404.76,上海
102977,126,2023-04-22,Clothing,1141.09,成都
101409,328,2023-05-20,Books,358.04,西安
103644,141,2023-07-14,Electronics,1927.41,上海
101170,26,2023-04-05,Clothing,119.58,成都
100001,115,2023-03-13,Electronics,1356.63,上海
100929,226,2023-03-26,Clothing,163.41,杭州
103575,208,2023-10-30,Food,1093.56,广州
102546,124,2023-10-14,Books,760.85,武汉
102373,487,2023-08-02,Electronics,1776.16,西安
101841,213,2023-09-20,Electronics,1633.09,成都
104310,54,2023-10-28,Food,1391.95,广州
100010,24,2023-12-05,Clothing,1548.41,上海
101266,130,2023-03-09,Food,557.68,杭州
103373,397,2023-10-28,Electronics,1952.51,深圳
101449,254,2023-07-04,Food,1118.69,北京
103903,228,2023-01-07,Food,897.77,武汉
103030,308,2023-07-31,Food,444.33,杭州
102105,472,2023-02-26,Electronics,1823.61,成都
104558,101,2023-07-29,Electronics,29.85,西安
102016,184,2023-12-30,Clothing,230.22,杭州
102867,492,2023-03-28,Food,41.7,深圳
101150,450,2023-05-06,Books,1967.82,北京
102773,337,2023-04-17,Clothing,612.83,武汉
102940,210,2023-12-20,Electronics,837.62,武汉
102930,97,2023-06-30,Electronics,1649.25,武汉
101542,67,2023-08-09,Clothing,1204.16,杭州
101394,243,2023-05-29,Clothing,1601.16,西安
103430,77,2023-01-11,Food,1539.3,武汉
100598,24,2023-02-20,Books,42.4,广州
101543,373,2023-12-13,Clothing,842.48,武汉
100407,244,2023-01-09,Food,669.17,上海
101762,92,2023-04-11,Electronics,360.39,杭州
104407,285,2023-10-04,Clothing,1751.12,北京
104611,356,2023-05-13,Food,1007.48,杭州
102382,122,2023-04-29,Electronics,1181.35,深圳
104765,238,2023-01-10,Clothing,1614.38,上海
103815,490,2023-02-20,Clothing,440.4,杭州
100088,198,2023-10-23,Clothing,516.9,武汉
102646,337,2023-03-08,Food,541.44,成都
100238,32,2023-07-23,Food,387.72,上海
103835,392,2023-11-28,Electronics,1868.96,西安
100253,196,2023-11-02,Food,912.89,武汉
102472,98,2023-10-13,Electronics,1898.87,北京
100347,381,2023-08-14,Books,684.68,广州
101995,325,2023-02-10,Electronics,1462.61,上海
103322,311,2023-05-14,Clothing,1290.49,上海
103625,121,2023-07-27,Clothing,1721.6,北京
100924,53,2023-12-27,Food,1671.4,杭州
102535,305,2023-03-22,Electronics,707.4,深圳
101530,2,2023-07-25,Clothing,1260.31,成都
100866,96,2023-03-30,Electronics,760.62,武汉
100997,231,2023-04-03,Clothing,1958.75,深圳
102633,274,2023-02-18,Clothing,1456.31,西安
100980,128,2023-05-28,Electronics,803.87,成都
104363,139,2023-05-06,Clothing,1104.17,北京
100435,476,2023-06-21,Food,914.15,西安
100199,39,2023-08-29,Food,683.74,武汉
103554,209,2023-01-24,Clothing,475.16,成都
102750,294,2023-04-13,Electronics,882.14,成都
100390,26,2023-05-29,Books,1729.69,武汉
104316,303,2023-11-27,Books,1701.49,深圳
104787,452,2023-05-02,Electronics,566.19,北京
100619,124,2023-09-13,Electronics,1061.29,北京
100757,332,2023-03-30,Electronics,455.3,杭州
103634,121,2023-08-09,Food,1568.87,北京
101467,278,2023-06-25,Electronics,1905.64,北京
104341,262,2023-12-06,Electronics,1425.35,广州
103433,301,2023-04-13,Books,1342.97,成都
103337,4,2023-03-26,Food,,
100184,283,2023-01-08,Books,195.49,上海
102048,459,2023-07-07,Books,1263.43,上海
103342,173,2023-01-02,Electronics,970.77,深圳
102401,17,2023-10-05,Food,1875.08,成都
100944,450,2023-09-30,Electronics,195.45,广州
104249,66,2023-11-06,Books,1449.86,深圳
104094,26,2023-05-22,Clothing,445.84,广州
104017,163,2023-04-27,Books,1843.06,杭州
103078,73,2023-06-11,Books,1104.75,武汉
101453,97,2023-02-05,Books,1878.77,成都
103414,211,2023-07-13,Food,892.39,深圳
100906,290,2023-10-18,Food,1617.32,武汉
101622,90,2023-09-15,Electronics,1615.56,成都
103748,108,2023-12-18,Books,194.93,上海
101944,50,2023-03-09,Food,1507.01,北京
104111,197,2023-04-30,Books,1860.42,上海
102474,345,2023-04-11,Food,945.53,西安
104138,12,2023-10-02,Electronics,1149.65,杭州
101663,243,2023-01-17,Clothing,1888.7,成都
100721,95,2023-07-09,Books,745.11,西安
102418,297,2023-06-12,Electronics,1111.28,
100986,315,2023-01-04,Electronics,1697.54,成都
102803,245,2023-09-10,Clothing,260.41,广州
103962,278,2023-06-15,Electronics,803.66,杭州
103926,264,2023-02-04,Books,697.23,广州
104122,274,2023-09-10,Electronics,1482.41,武汉
103150,176,2023-07-18,Food,424.81,武汉
104234,226,2023-02-10,Electronics,1766.64,成都
103939,138,2023-03-09,Clothing,1664.97,深圳
101668,25,2023-06-06,,439.01,西安
100356,18,2023-03-06,Electronics,479.63,成都
101237,168,2023-09-11,Electronics,190.16,广州
104763,95,2023-12-14,Books,544.59,上海
100536,226,2023-06-21,Books,1632.8,广州
100568,345,2023-03-10,Food,244.54,杭州
104246,142,2023-10-24,Books,577.33,杭州
100642,489,2023-07-25,Electronics,1755.21,
101210,328,2023-04-18,Food,409.11,杭州
101988,245,2023-10-31,Clothing,525.53,广州
100406,304,2023-06-22,Books,1420.39,杭州
100646,396,2023-04-11,Clothing,,武汉
101812,82,2023-11-06,Food,1179.11,西安
104400,398,2023-10-27,Electronics,537.79,
102457,164,2023-04-02,Clothing,93.45,深圳
102528,289,2023-11-29,Clothing,291.62,深圳
102826,432,2023-03-19,Books,1718.01,杭州
100752,301,2023-10-10,Food,695.06,杭州
101606,300,2023-05-05,Clothing,596.71,武汉
101782,219,2023-08-19,Books,870.69,成都
102368,280,2023-12-24,Electronics,1169.72,杭州
100572,148,2023-03-13,Clothing,636.01,西安
100082,180,2023-06-06,Clothing,453.62,深圳
101144,17,2023-07-29,Electronics,1851.62,武汉
100188,98,2023-11-03,Clothing,1729.41,杭州
100927,499,2023-04-25,Books,712.27,成都
101584,149,2023-08-28,Books,167.57,西安
102151,359,2023-10-15,Electronics,317.58,上海
100570,215,2023-11-02,Clothing,1153.86,武汉
103319,405,2023-03-29,Books,1650.14,西安
102202,96,2023-05-03,Clothing,600.88,深圳
104958,61,2023-06-30,Books,1996.17,深圳
101319,428,2023-10-30,Electronics,1637.42,上海
100338,124,2023-12-03,Electronics,1545.29,成都
100910,229,2023-07-03,Food,979.07,上海
100742,440,2023-12-23,Electronics,1945.27,深圳
101469,227,2023-08-24,Electronics,75.39,杭州
101192,331,2023-03-11,Books,319.22,西安
104603,421,2023-05-01,Clothing,1374.17,深圳
102767,10,2023-01-05,Clothing,651.54,广州
104809,243,2023-06-13,Clothing,1338.88,武汉
103255,371,2023-04-02,Clothing,1071.98,广州
104641,188,2023-09-13,Clothing,1928.44,杭州
104007,492,2023-11-16,Clothing,1955.03,深圳
104202,405,2023-09-01,Electronics,729.45,杭州
100907,87,2023-01-03,Food,499.89,深圳
103908,444,2023-09-30,Electronics,927.8,成都
104503,181,2023-05-04,Electronics,1411.59,成都
100979,490,2023-06-30,Electronics,1404.63,杭州
103984,249,2023-01-24,Food,875.88,广州
104967,6,2023-07-16,Books,802.33,西安
101511,169,2023-10-27,Books,1613.62,深圳
100673,89,2023-07-01,Clothing,1817.53,杭州
104135,439,2023-05-19,Books,779.45,武汉
100664,134,2023-03-31,Electronics,1904.67,西安
100061,5,2023-08-23,Electronics,155.79,深圳
101551,155,2023-07-22,Food,273.15,北京
104609,371,2023-05-06,Books,174.14,上海
102306,403,2023-09-15,,1907.83,杭州
103439,274,2023-02-07,Electronics,1365.11,西安
103425,331,2023-09-06,Books,445.56,广州
101573,109,2023-01-25,Food,653.11,北京
100117,224,2023-09-06,Electronics,783.83,武汉
104552,56,2023-10-01,Electronics,80.54,杭州
101154,238,2023-11-27,Books,189.98,上海
101878,329,2023-10-29,Electronics,823.49,北京
104253,461,2023-09-23,Food,393.51,武汉
101384,88,2023-05-14,Clothing,973.64,杭州
104966,95,2023-03-26,Books,1131.71,广州
101341,118,2023-02-26,Food,463.29,深圳
100442,121,2023-08-17,Food,1908.53,
104062,36,2023-01-08,Electronics,1146.92,武汉
101631,79,2023-11-28,Food,675.87,广州
101010,216,2023-11-20,Books,1699.31,
101400,347,2023-12-10,Electronics,1951.92,武汉
101355,218,2023-09-29,Books,963.75,上海
104573,299,2023-05-20,Food,1486.4,西安
100453,47,2023-09-19,Books,1619.3,西安
100382,317,2023-11-24,Electronics,1001.1,杭州
100516,28,2023-02-20,Books,471.97,上海
102905,451,2023-11-07,Electronics,1964.2,北京
101861,312,2023-07-15,Food,375.26,北京
103967,277,2023-08-10,Electronics,,西安
101121,35,2023-07-18,Food,1329.33,成都
103674,56,2023-06-17,Food,412.57,
103140,251,2023-03-01,Food,1466.39,成都
100019,127,2023-10-15,Food,1496.56,武汉
102098,94,2023-07-17,Food,645.44,武汉
104904,205,2023-01-13,Food,1599.65,成都
100870,252,2023-10-21,Food,155.03,成都
100713,311,2023-08-11,Clothing,116.58,成都
103541,122,2023-09-10,Books,863.05,北京
103713,80,2023-10-20,Electronics,657.61,上海
103047,311,2023-09-13,Books,875.86,广州
103618,88,2023-10-21,Food,1471.75,西安
103780,189,2023-08-05,Food,1249.58,成都
102766,295,2023-05-31,Electronics,1251.14,武汉
101155,93,2023-10-27,Clothing,792.2,成都
102177,258,2023-03-05,Books,1301.33,西安
100037,33,2023-06-23,Electronics,1180.73,深圳
103324,202,2023-06-23,Clothing,1392.87,西安
103663,445,2023-12-22,Clothing,693.22,成都
103529,126,2023-12-19,Books,674.37,西安
100738,20,2023-03-30,Food,811.92,
102043,67,2023-11-19,Electronics,91.67,深圳
103977,362,2023-02-16,Clothing,981.67,武汉
103169,118,2023-08-16,Electronics,212.06,广州
101883,125,2023-09-02,Electronics,1843.72,成都
103602,104,2023-06-26,Books,226.34,上海
104684,268,2023-01-02,Books,283.83,西安
101211,142,2023-09-30,Food,1547.85,上海
101629,467,2023-07-05,Clothing,1459.42,西安
102510,146,2023-12-26,Clothing,770.99,西安
104397,411,2023-11-08,Food,233.96,西安
100658,80,2023-02-24,Clothing,904.64,成都
102514,171,2023-03-15,Electronics,199.82,广州
102522,359,2023-02-09,Books,263.29,北京
101632,63,2023-04-14,Books,1939.58,北京
102960,281,2023-06-12,Electronics,231.62,上海
101961,366,2023-10-03,Clothing,816.61,北京
100796,25,2023-12-20,Electronics,839.38,武汉
101148,312,2023-07-14,Food,794.36,北京
104318,104,2023-05-29,Food,611.06,北京
100083,205,2023-06-18,Food,1730.06,杭州
102601,1,2023-12-04,Clothing,408.81,广州
100900,436,2023-10-09,Books,1292.9,上海
104486,296,2023-01-06,Electronics,1478.4,广州
104120,341,2023-03-12,Food,1882.27,成都
103804,213,2023-08-06,Electronics,628.1,成都
104463,302,2023-02-03,Food,456.72,武汉
102407,68,2023-01-08,Food,1601.18,杭州
101224,468,2023-07-06,Books,374.87,成都
100283,11,2023-06-16,Clothing,1604.63,西安
102294,100,2023-07-13,Electronics,1931.25,西安
102719,302,2023-11-22,Books,1984.55,杭州
101713,64,2023-08-25,Food,,西安
100912,457,2023-10-03,Clothing,533.84,上海
100381,42,2023-01-24,Food,1305.75,武汉
101697,401,2023-05-06,Books,1923.09,西安
101819,358,2023-10-19,Electronics,793.17,北京
100589,360,2023-03-09,Clothing,301.02,成都
104950,94,2023-10-10,Food,1144.05,武汉
101634,44,2023-05-17,Food,1433.25,武汉
104856,338,2023-03-17,Clothing,1349.86,深圳
104688,67,2023-04-14,Books,510.12,
101818,461,2023-11-13,Books,921.08,广州
101520,463,2023-12-17,Electronics,1074.47,深圳
104337,371,2023-02-24,Clothing,1312.86,北京
103097,262,2023-07-18,Clothing,1671.3,杭州
103665,190,2023-07-07,Electronics,1903.74,西安
104306,121,2023-12-23,Food,1965.22,武汉
104531,303,2023-09-15,Electronics,1019.44,深圳
101882,357,2023-01-30,Books,1853.77,深圳
104838,97,2023-10-29,Food,1762.82,北京
101358,123,2023-11-28,Electronics,41.7,杭州
104834,378,2023-07-11,Electronics,1573.61,武汉
100198,8,2023-03-15,Books,1743.16,广州
102981,173,2023-10-10,Clothing,1322.71,武汉
100273,213,2023-05-20,Clothing,1512.34,上海
104576,162,2023-02-18,Clothing,1846.67,西安
104575,107,2023-12-12,Clothing,847.13,成都
101757,414,2023-07-12,Clothing,806.62,北京
102225,491,2023-09-19,Food,1177.87,杭州
103280,75,2023-12-31,Food,129.18,深圳
102489,211,2023-07-20,Books,856.15,杭州
102129,289,2023-09-05,Electronics,105.62,上海
100627,159,2023-12-24,Books,1462.62,深圳
101471,160,2023-07-19,Books,1530.38,西安
101220,366,2023-12-10,Electronics,1947.63,西安
102824,410,2023-09-30,Food,1083.52,广州
101368,288,2023-12-30,Clothing,285.43,成都
102611,186,2023-06-24,Electronics,1225.03,武汉
104893,187,2023-07-30,Books,76.2,北京
101760,23,2023-01-16,Clothing,403.67,广州
102468,143,2023-12-09,Electronics,1937.19,上海
101716,120,2023-09-10,Food,83.22,西安
103416,97,2023-12-07,Clothing,984.93,杭州
100002,303,2023-08-05,Electronics,69.3,深圳
103016,413,2023-12-08,Food,1724.34,上海
103535,430,2023-01-14,Clothing,1515.48,武汉
100764,336,2023-12-31,Food,384.84,深圳
101139,391,2023-11-10,Food,1215.15,深圳
103718,475,2023-10-17,Clothing,1913.82,北京
102231,461,2023-04-30,Electronics,777.33,深圳
100085,481,2023-01-15,Electronics,1755.31,杭州
103146,488,2023-04-08,Electronics,42.28,杭州
102858,184,2023-12-16,Food,711.23,深圳
101253,96,2023-08-06,Electronics,1160.1,深圳
102343,236,2023-03-13,Food,1572.07,杭州
102426,319,2023-01-16,Clothing,742.92,杭州
101524,451,2023-11-26,Books,1580.74,杭州
103212,417,2023-10-09,Books,16.5,深圳
102019,492,2023-12-07,Food,246.4,西安
103702,188,2023-09-21,Clothing,1839.29,杭州
103844,94,2023-05-30,Electronics,1770.69,武汉
102263,36,2023-05-23,Books,336.75,杭州
101359,83,2023-12-27,Books,1717.27,北京
103335,402,2023-12-30,Food,904.73,成都
101306,284,2023-01-21,Books,1324.86,杭州
102014,275,2023-05-18,Electronics,1978.84,西安
102358,105,2023-01-18,Clothing,1787.65,成都
104689,397,2023-03-03,Clothing,975.48,深圳
104586,160,2023-08-22,Food,57.03,深圳
103829,485,2023-07-02,,1146.46,西安
103366,343,2023-11-11,Food,1573.14,成都
100981,39,2023-10-11,Clothing,958.35,成都
101026,277,2023-04-27,Electronics,889.3,成都
101821,342,2023-02-04,Clothing,1818.39,武汉
102943,22,2023-12-23,Books,266.49,深圳
102971,189,2023-01-11,Books,1612.85,广州
102541,495,2023-11-12,Books,426.52,北京
102706,380,2023-04-14,Food,1331.85,武汉
103374,428,2023-12-03,Books,1119.34,西安
104113,156,2023-10-25,Food,1559.82,杭州
100398,24,2023-07-25,Electronics,1144.86,深圳
100597,290,2023-09-06,Food,1789.37,北京
102734,118,2023-05-15,Books,1869.32,杭州
103655,437,2023-07-11,Food,509.9,武汉
103166,496,2023-02-09,Clothing,969.47,深圳
104936,488,2023-10-17,Clothing,1286.76,西安
102286,291,2023-12-15,Food,1672.36,广州
101903,341,2023-10-26,Electronics,202.72,北京
104971,285,2023-09-21,Books,1423.13,西安
102759,17,2023-09-16,Food,1582.37,西安
104041,497,2023-06-05,Electronics,414.49,
104849,196,2023-01-03,Electronics,845.55,北京
102631,153,2023-11-22,Electronics,1195.6,成都
102290,424,2023-06-30,Food,1423.21,西安
102038,221,2023-04-05,Food,1897.17,成都
103976,498,2023-03-02,Books,978.45,杭州
104626,396,2023-10-14,Clothing,1107.8,成都
100909,69,2023-12-14,Food,1756.99,西安
100439,90,2023-11-09,Books,1655.71,成都
103759,77,2023-05-25,Clothing,209.91,杭州
100914,417,2023-10-25,Books,1540.71,深圳
102499,482,2023-01-07,Electronics,1692.51,上海
103932,76,2023-10-02,Books,1921.09,杭州
102761,290,2023-02-17,Electronics,1068.21,上海
102088,352,2023-02-27,Books,347.42,上海
104887,68,2023-12-14,Books,,武汉
100348,255,2023-12-21,Books,741.02,杭州
100717,2,2023-08-07,Electronics,596.15,西安
100149,99,2023-04-21,Books,560.23,杭州
102255,365,2023-02-12,Food,1121.45,深圳
100527,306,2023-11-03,Food,1728.8,北京
103799,311,2023-07-26,Clothing,1646.95,西安
103001,91,2023-03-11,Food,1357.97,广州
103607,280,2023-10-21,Food,758.2,深圳
101860,465,2023-12-07,Clothing,1604.89,深圳
103276,180,2023-08-27,Books,1775.22,武汉
104874,432,2023-03-12,Books,1123.23,北京
104336,331,2023-12-09,Food,203.22,深圳
101923,47,2023-12-21,Food,1745.16,上海
104789,491,2023-04-09,Clothing,420.52,北京
101075,185,2023-10-13,Books,1645.83,北京
103841,23,2023-09-11,Clothing,362.29,杭州
100391,128,2023-03-23,Food,1868.17,成都
103116,234,2023-04-15,Electronics,1839.62,北京
103186,441,2023-02-04,Books,1031.64,上海
103121,20,2023-09-12,Books,1662.6,武汉
103222,476,2023-10-10,Food,,广州
100517,175,2023-11-06,Books,1938.15,成都
104150,254,2023-09-29,Food,1840.31,广州
103570,159,2023-10-15,Clothing,1044.79,深圳
101363,272,2023-01-17,,857.55,杭州
102511,373,2023-07-21,Food,1527.77,上海
100316,463,2023-04-10,Food,1359.83,西安
104218,181,2023-05-02,Clothing,1882.0,杭州
100993,167,2023-07-05,Food,382.43,杭州
101349,310,2023-03-22,Clothing,1160.46,深圳
102917,343,2023-10-11,Electronics,683.3,成都
103550,319,2023-04-18,Food,587.9,北京
101178,169,2023-09-27,Books,1054.05,深圳
102547,362,2023-08-31,Food,630.41,成都
100419,395,2023-05-28,Clothing,1383.58,西安
101229,406,2023-06-04,Books,807.62,武汉
100097,407,2023-03-28,Electronics,574.73,成都
100298,257,2023-03-19,Electronics,906.54,成都
103487,194,2023-06-26,Food,186.49,杭州
100070,48,2023-11-21,Books,1660.4,北京
102213,475,2023-03-04,Clothing,1216.16,北京
100522,195,2023-12-31,Clothing,1481.91,成都
100119,465,2023-07-21,Electronics,177.06,武汉
100984,106,2023-04-28,Clothing,1671.53,成都
102147,21,2023-07-06,Food,807.87,广州
101902,5,2023-02-01,Food,1506.08,北京
104171,91,2023-01-14,Clothing,1155.47,西安
102452,376,2023-04-04,Electronics,312.99,北京
100167,31,2023-03-26,Food,1194.14,杭州
102279,95,2023-09-15,Books,1480.79,深圳
104949,490,2023-04-25,,734.82,北京
101472,338,2023-10-11,Books,957.06,广州
104258,291,2023-01-28,Electronics,291.46,成都
103737,266,2023-09-15,Books,705.13,深圳
101652,233,2023-06-23,Clothing,1612.72,深圳
100481,27,2023-05-18,Books,1350.61,北京
101184,1,2023-03-02,Electronics,935.12,上海
101788,129,2023-06-04,Food,389.38,广州
103242,466,2023-08-06,Electronics,,成都
103712,134,2023-07-05,Food,972.83,武汉
104076,359,2023-03-28,Electronics,1297.6,广州
100537,154,2023-06-14,Clothing,963.23,广州
104193,461,2023-07-19,Clothing,1667.9,西安
102173,325,2023-08-19,Electronics,82.61,深圳
102634,221,2023-05-21,Food,1943.99,深圳
103138,451,2023-02-27,Electronics,1043.94,北京
104624,487,2023-04-24,Food,1991.53,北京
103782,432,2023-03-30,Clothing,510.05,上海
101814,33,2023-07-24,Clothing,1056.45,西安
103193,124,2023-11-03,Food,999.3,上海
101305,42,2023-08-24,Food,1299.11,广州
100795,305,2023-01-25,,1310.6,北京
101287,363,2023-03-03,Electronics,1714.32,广州
103171,407,2023-12-24,Books,50.87,成都
103493,211,2023-11-05,Books,1240.0,北京
103383,341,2023-03-12,Food,1633.23,广州
104707,258,2023-02-03,Clothing,56.93,杭州
102732,437,2023-03-22,,658.11,西安
101421,183,2023-03-25,Electronics,552.61,武汉
104571,8,2023-03-15,Food,370.36,杭州
100472,212,2023-06-03,Food,131.31,广州
102885,239,2023-05-18,Electronics,925.88,西安
100416,236,2023-09-30,Food,1097.08,杭州
103202,465,2023-05-03,Clothing,703.54,杭州
103645,369,2023-11-18,Books,994.85,西安
101527,423,2023-03-24,,1017.61,成都
100934,294,2023-10-31,Clothing,278.1,北京
100474,498,2023-06-26,Books,1573.75,成都
104104,443,2023-11-08,Electronics,1722.6,广州
102479,327,2023-06-28,Books,1065.62,广州
101852,196,2023-09-19,Clothing,1011.81,北京
104444,173,2023-01-27,Electronics,732.91,上海
102270,51,2023-01-26,Books,1466.68,武汉
104496,371,2023-08-07,Electronics,1152.2,成都
102974,216,2023-08-02,Books,1469.56,西安
100159,153,2023-10-29,Books,617.71,北京
100377,101,2023-11-22,Food,259.09,杭州
101117,379,2023-10-03,Clothing,415.56,杭州
100005,389,2023-03-23,Books,687.1,广州
100130,295,2023-12-13,Books,799.34,深圳
101217,463,2023-12-12,Electronics,220.79,北京
104151,478,2023-03-03,Electronics,743.04,西安
103800,473,2023-05-11,Books,1780.38,武汉
102482,152,2023-02-19,Clothing,233.61,杭州
101466,151,2023-12-05,Books,985.6,杭州
100788,197,2023-09-15,Food,342.37,
102154,239,2023-08-28,Books,227.15,广州
100637,23,2023-01-07,Clothing,101.5,成都
104411,8,2023-03-18,Books,1578.72,北京
102580,297,2023-07-06,Food,1547.02,西安
104902,199,2023-08-30,Clothing,1149.56,深圳
101137,451,2023-07-31,Books,613.66,杭州
102195,373,2023-03-30,Books,1809.3,广州
100053,297,2023-10-05,Electronics,1498.47,北京
101162,84,2023-03-16,Clothing,1540.62,北京
104862,268,2023-07-05,Books,1902.53,北京
104146,127,2023-03-22,Books,1634.99,杭州
100716,202,2023-10-20,Books,315.64,成都
104650,405,2023-11-16,Food,951.88,上海
100606,5,2023-01-05,Food,1636.05,武汉
104533,493,2023-09-20,Clothing,1467.27,深圳
100585,402,2023-04-16,Clothing,1612.83,成都
100939,113,2023-07-30,Clothing,1591.29,广州
100573,318,2023-01-28,Food,1904.17,西安
100660,232,2023-06-07,Books,537.37,上海
100581,53,2023-12-01,,602.44,
104956,405,2023-07-08,Food,1362.54,深圳
103564,292,2023-11-13,Clothing,1907.04,深圳
101438,23,2023-02-03,Food,1338.5,上海
100498,192,2023-01-31,Books,1321.98,北京
104019,229,2023-08-16,Food,1412.33,武汉
102949,103,2023-03-07,Electronics,943.22,上海
102054,206,2023-11-07,Food,421.78,北京
104188,354,2023-03-20,Clothing,1905.05,北京
104417,258,2023-09-03,Electronics,1310.72,西安
101669,2,2023-03-04,Food,144.45,北京
101932,55,2023-07-22,Electronics,1081.2,西安
100031,450,2023-06-07,Clothing,125.27,上海
100576,251,2023-03-27,Electronics,1135.14,深圳
102196,224,2023-04-29,Electronics,1422.95,广州
100555,402,2023-04-16,Books,703.12,上海
101990,28,2023-11-24,Food,1417.93,深圳
100410,370,2023-01-27,Books,349.32,武汉
103111,485,2023-05-21,Electronics,613.86,武汉
103294,474,2023-12-11,Books,237.33,西安
101113,103,2023-12-17,Food,320.42,上海
102753,446,2023-12-25,Food,1914.83,成都
100241,36,2023-10-11,Clothing,1176.9,深圳
102455,484,2023-02-19,Clothing,601.72,成都
102217,103,2023-02-17,Food,1419.09,杭州
101675,491,2023-12-10,Books,1474.47,上海
101686,394,2023-02-15,Clothing,620.52,武汉
103263,271,2023-09-08,Books,1105.13,武汉
103778,17,2023-05-08,Electronics,258.14,成都
100014,274,2023-05-06,Clothing,929.9,杭州
100021,261,2023-09-10,Electronics,1514.01,上海
103954,210,2023-10-29,Food,1665.79,上海
100420,163,2023-09-03,Food,1125.37,杭州
103309,451,2023-09-09,Books,1180.96,武汉
103186,441,2023-02-04,Books,1031.64,上海
104743,303,2023-12-14,Clothing,360.97,成都
102096,229,2023-09-02,Electronics,235.2,武汉
102868,298,2023-06-08,Food,1515.97,广州
103225,489,2023-03-24,Electronics,1146.77,杭州
100165,404,2023-11-17,Clothing,856.03,深圳
101067,338,2023-10-03,Books,387.84,西安
104997,251,2023-09-11,Clothing,1288.3,上海
103527,107,2023-01-14,Electronics,1176.32,成都
101724,222,2023-07-28,Food,252.22,西安
102655,232,2023-12-12,Books,68.83,广州
104632,288,2023-05-05,Clothing,921.98,北京
101548,363,2023-08-05,Food,155.38,北京
103352,25,2023-02-08,Food,1075.16,武汉
104487,427,2023-02-23,Books,941.34,北京
100911,90,2023-11-27,Electronics,1685.17,广州
103435,167,2023-01-24,Food,720.19,深圳
103884,403,2023-10-13,Books,868.37,武汉
101124,444,2023-11-02,Electronics,380.97,西安
102678,499,2023-08-25,Electronics,1609.34,成都
103518,301,2023-06-11,Electronics,795.49,深圳
101204,98,2023-06-24,Books,1467.56,杭州
100339,69,2023-01-23,Food,1096.57,广州
100175,171,2023-06-14,Electronics,1716.89,成都
104022,374,2023-01-05,Electronics,1086.28,成都
104133,370,2023-11-22,Food,1894.51,成都
103906,105,2023-09-28,Food,465.33,西安
100032,44,2023-09-06,Electronics,1956.19,广州
102568,89,2023-08-16,Electronics,558.3,深圳
101567,127,2023-09-13,Electronics,1775.86,北京
101060,362,2023-08-13,Food,1090.04,西安
100106,487,2023-08-15,Books,1662.83,西安
101503,217,2023-11-28,Electronics,411.96,杭州
103005,436,2023-05-10,Clothing,1031.71,北京
101481,276,2023-06-16,Electronics,927.21,武汉
102676,34,2023-01-16,Clothing,1159.43,西安
103114,39,2023-05-24,Books,1310.72,杭州
100545,130,2023-12-04,Clothing,1433.32,武汉
104774,56,2023-12-24,Clothing,1478.94,深圳
101596,3,2023-07-22,Electronics,36.48,西安
100639,284,2023-12-02,Books,456.79,深圳
104312,90,2023-03-14,Books,1891.24,杭州
104727,63,2023-07-05,Books,1612.96,西安
102967,231,2023-05-02,Books,1229.09,成都
102613,23,2023-04-19,Food,876.45,成都
104894,117,2023-12-28,Clothing,893.97,
104991,230,2023-11-12,Books,823.99,武汉
102284,305,2023-06-30,Books,1170.49,西安
100596,425,2023-05-26,Food,1099.15,广州
104833,186,2023-06-06,Clothing,1725.9,成都
101213,491,2023-11-15,Electronics,421.09,成都
102067,485,2023-12-01,Food,1741.35,深圳
104640,55,2023-11-15,Electronics,672.46,北京
101491,219,2023-04-18,Food,1593.35,杭州
101497,268,2023-04-13,Food,930.35,深圳
100852,364,2023-11-29,Clothing,1012.75,成都
101646,398,2023-04-12,Food,177.72,成都
103756,19,2023-05-31,Clothing,868.58,成都
104633,46,2023-03-31,Clothing,1967.38,广州
104279,217,2023-07-20,Food,370.54,成都
101849,308,2023-06-16,Books,1359.02,广州
104490,46,2023-11-18,Food,1491.58,北京
101395,174,2023-12-19,Electronics,1465.96,北京
104972,313,2023-04-06,Food,1833.57,武汉
104524,259,2023-10-02,Food,1877.58,西安
102575,158,2023-12-15,Clothing,1497.34,广州
102420,277,2023-01-23,Clothing,705.96,上海
100434,480,2023-05-29,Electronics,28.44,上海
104375,179,2023-04-06,Books,1476.97,上海
100125,387,2023-01-16,Clothing,406.73,北京
104178,219,2023-02-14,Food,1944.27,西安
100904,461,2023-04-10,Food,976.86,成都
102448,66,2023-07-25,Clothing,1426.85,上海
102335,492,2023-10-29,Books,,杭州
102075,219,2023-05-06,Books,1819.17,武汉
101156,231,2023-01-13,Clothing,912.82,深圳
102476,326,2023-02-15,Clothing,16.36,上海
104374,368,2023-11-08,Clothing,207.31,深圳
101744,182,2023-08-04,Books,1452.0,西安
101470,453,2023-12-28,Clothing,988.04,广州
103726,378,2023-09-10,Clothing,331.51,武汉
103747,467,2023-01-03,Books,1984.44,上海
102153,115,2023-07-18,Books,1341.61,成都
102132,372,2023-07-02,Clothing,1408.29,上海
101130,116,2023-03-19,Food,1795.38,广州
102513,229,2023-07-09,Books,1130.68,杭州
102886,255,2023-10-30,Books,138.67,广州
104054,158,2023-10-25,Food,1725.16,北京
104968,486,2023-10-19,Books,362.07,成都
104698,133,2023-07-23,Books,49.65,西安
104998,255,2023-06-29,Electronics,459.25,上海
104996,436,2023-07-27,Electronics,35.34,西安
103826,493,2023-01-12,Food,1856.33,北京
100266,360,2023-06-08,Food,708.54,广州
104239,41,2023-06-10,Food,1833.17,成都
102951,43,2023-12-22,Electronics,491.09,成都
104303,128,2023-11-18,Clothing,908.23,上海
101159,325,2023-07-05,Electronics,1052.4,武汉
101488,148,2023-05-16,Electronics,601.67,武汉
102592,375,2023-07-24,Books,1669.85,杭州
100569,60,2023-04-04,Food,1389.94,武汉
101925,335,2023-11-25,Books,1618.81,深圳
103912,186,2023-05-18,Electronics,72.56,武汉
103659,444,2023-04-10,Electronics,686.97,广州
101277,7,2023-05-28,Books,770.19,成都
103029,388,2023-04-27,Clothing,795.39,杭州
102035,144,2023-06-29,Books,501.47,北京
104773,134,2023-02-01,Clothing,1763.14,成都
102189,401,2023-04-25,Food,542.54,杭州
100718,103,2023-02-19,,421.84,杭州
104614,143,2023-07-31,Books,69.64,成都
100684,295,2023-07-18,Food,1871.06,广州
101380,150,2023-04-07,Electronics,53.85,深圳
101233,89,2023-12-06,Electronics,1481.34,西安
103334,200,2023-04-06,Books,932.37,武汉
101037,97,2023-06-14,Electronics,312.78,北京
102244,432,2023-07-11,Electronics,68.28,北京
101665,293,2023-05-29,Electronics,1050.33,上海
102403,372,2023-11-15,Books,1732.83,北京
104431,191,2023-11-02,Clothing,1205.56,成都
104943,100,2023-12-11,Food,568.42,深圳
102711,91,2023-01-21,Food,1108.43,上海
104398,125,2023-05-28,Books,1042.79,成都
102717,307,2023-09-07,Food,1142.97,武汉
104291,139,2023-03-09,Electronics,262.84,杭州
101683,175,2023-08-12,Clothing,835.72,成都
100210,461,2023-08-27,Food,1358.45,
104940,201,2023-03-09,Electronics,1119.36,广州
100892,196,2023-07-22,Electronics,953.24,深圳
101374,410,2023-12-11,Electronics,384.82,西安
104136,493,2023-02-02,Books,425.16,杭州
100337,130,2023-01-09,Food,1579.15,成都
100972,295,2023-01-03,Food,358.32,上海
104676,391,2023-11-30,Books,100.72,上海
100311,433,2023-02-21,Electronics,1327.24,广州
104639,215,2023-04-23,Food,771.81,北京
103592,26,2023-07-08,Clothing,1278.63,杭州
101163,215,2023-06-07,Food,1463.02,西安
101426,422,2023-03-15,Electronics,282.53,杭州
104021,492,2023-07-23,Clothing,419.92,广州
100621,188,2023-10-07,Clothing,1527.82,上海
102627,145,2023-01-21,Electronics,1737.11,西安
101021,270,2023-03-29,Electronics,79.96,成都
100693,397,2023-02-26,Food,1921.51,成都
101172,170,2023-02-14,Electronics,226.69,广州
102365,473,2023-05-09,Books,1409.51,上海
103204,343,2023-12-04,Clothing,1538.94,广州
100500,275,2023-05-27,Electronics,1009.41,武汉
101552,298,2023-04-02,Food,348.03,西安
104044,33,2023-02-06,Food,1257.45,上海
104879,90,2023-02-16,Books,1454.96,深圳
102517,130,2023-07-30,Food,1483.62,广州
101235,421,2023-08-16,Clothing,622.99,武汉
102045,483,2023-10-07,Food,609.94,西安
102609,306,2023-07-21,Electronics,700.27,北京
103760,12,2023-10-13,Books,1254.44,广州
100153,53,2023-01-07,Food,944.1,西安
100326,20,2023-05-27,Books,,广州
103230,229,2023-04-20,Clothing,209.73,上海
102269,261,2023-06-20,Electronics,888.27,成都
100978,347,2023-12-26,Clothing,1602.32,武汉
100293,241,2023-08-15,Food,1594.7,北京
104703,246,2023-01-05,Clothing,403.27,北京
104540,442,2023-04-30,Electronics,1226.31,成都
101755,254,2023-04-23,Electronics,1281.15,深圳
103523,116,2023-01-21,Books,1711.08,上海
104671,28,2023-01-30,Clothing,334.68,深圳
101558,162,2023-09-09,Clothing,1115.79,西安
102010,206,2023-07-01,Electronics,211.66,西安
101509,121,2023-02-27,Electronics,1048.7,杭州
102089,115,2023-02-22,Food,721.04,成都
103478,43,2023-12-19,Clothing,966.75,上海
101951,92,2023-01-27,Electronics,1960.75,成都
104757,400,2023-05-31,Clothing,1237.41,成都
100151,155,2023-01-08,Clothing,555.88,北京
104781,183,2023-04-16,Books,536.9,成都
103806,26,2023-08-17,Books,1336.41,上海
103164,90,2023-08-20,Food,1708.57,北京
100307,417,2023-03-07,Electronics,1295.59,武汉
102855,343,2023-01-14,Clothing,1138.19,北京
103825,462,2023-03-17,Electronics,176.17,西安
101984,194,2023-02-23,Electronics,359.71,杭州
103721,410,2023-06-17,Electronics,1284.31,深圳
100559,265,2023-03-31,Clothing,668.67,武汉
101298,460,2023-09-12,Clothing,1309.2,北京
104916,81,2023-01-16,Clothing,1438.75,深圳
102588,323,2023-07-03,Electronics,325.91,
103486,307,2023-01-26,Electronics,1327.45,深圳
101881,261,2023-12-30,Books,1273.61,成都
104675,55,2023-12-20,Books,1497.6,西安
104951,422,2023-12-27,Electronics,507.35,武汉
100327,389,2023-12-28,Books,902.72,北京
100488,239,2023-02-20,Books,1525.64,成都
100376,178,2023-09-23,Food,1693.41,杭州
101185,378,2023-04-17,Books,833.94,成都
100361,266,2023-07-18,Electronics,530.94,杭州
102683,225,2023-09-04,Electronics,593.0,武汉
103289,22,2023-01-23,Food,34.11,广州
100276,307,2023-01-29,Electronics,416.8,深圳
102133,170,2023-07-28,Electronics,1009.33,广州
103820,85,2023-08-09,Clothing,62.35,西安
104034,41,2023-06-13,Electronics,681.15,广州
100017,109,2023-10-18,Food,433.13,西安
103553,153,2023-05-02,Books,1727.04,广州
101071,55,2023-09-06,Clothing,206.52,武汉
104267,152,2023-04-04,Clothing,1659.34,广州
104952,333,2023-08-18,Electronics,272.4,杭州
101242,314,2023-09-19,Books,1696.8,杭州
100554,60,2023-03-14,Food,630.66,西安
104443,251,2023-07-08,Electronics,902.77,北京
103346,23,2023-05-26,Food,45.65,上海
103471,282,2023-03-11,Clothing,97.6,西安
103793,417,2023-05-28,Food,1940.24,杭州
104811,360,2023-01-14,Books,249.73,深圳
102792,380,2023-12-09,Clothing,736.49,上海
102387,311,2023-07-23,Books,1318.59,上海
100400,392,2023-10-09,Food,1652.37,上海
104853,201,2023-05-25,Clothing,1420.34,成都
103205,411,2023-12-19,Food,388.03,成都
100553,248,2023-02-23,Food,837.79,上海
103591,447,2023-10-26,Books,1287.73,广州
100832,456,2023-09-18,Clothing,1312.65,西安
104848,429,2023-08-26,Electronics,182.82,深圳
102029,97,2023-10-30,Clothing,466.47,广州
103238,128,2023-05-29,Clothing,765.09,西安
100353,373,2023-06-30,Books,556.37,北京
103619,402,2023-12-18,Books,475.39,武汉
102874,14,2023-09-11,Clothing,1668.16,深圳
103502,317,2023-12-14,Food,1454.72,杭州
104164,248,2023-12-16,Clothing,1461.68,上海
101968,217,2023-12-03,Electronics,504.19,北京
104182,196,2023-01-20,Electronics,38.18,上海
101326,399,2023-03-22,Electronics,1760.46,上海
100327,389,2023-12-28,Books,902.72,北京
100240,26,2023-06-20,Clothing,1977.75,深圳
101565,289,2023-12-06,Clothing,1171.26,北京
102226,310,2023-11-27,Food,802.63,上海
103771,14,2023-03-14,Books,1861.07,武汉
100841,367,2023-06-23,Electronics,1516.73,北京
100408,214,2023-10-26,Food,1595.54,北京
102423,37,2023-11-25,Books,1752.95,广州
102001,311,2023-08-18,Clothing,1352.3,深圳
103847,14,2023-05-17,Books,1028.28,广州
100028,446,2023-11-17,Food,1684.92,深圳
101989,337,2023-03-06,Clothing,763.81,杭州
100393,256,2023-06-07,Books,56.12,武汉
102749,167,2023-07-31,Clothing,1749.16,杭州
102316,240,2023-07-01,Books,938.44,武汉
101958,12,2023-10-28,Books,554.71,上海
102848,114,2023-10-30,Books,1334.6,上海
100251,365,2023-08-16,Electronics,1799.54,成都
101742,53,2023-01-07,Electronics,1189.84,深圳
100305,496,2023-12-02,Books,266.61,上海
104933,77,2023-09-28,,1205.27,武汉
101307,357,2023-07-19,Electronics,1264.93,成都
100858,354,2023-06-01,Clothing,1509.65,北京
100245,302,2023-06-15,Electronics,356.75,北京
104566,381,2023-07-28,Electronics,,上海
103637,340,2023-10-05,Books,1950.27,杭州
101069,210,2023-11-25,Food,229.82,上海
102267,181,2023-05-16,Electronics,1854.59,上海
101238,455,2023-10-25,Electronics,1516.58,广州
101348,215,2023-03-29,Food,447.51,杭州
103827,418,2023-02-06,Books,1789.39,杭州
103042,446,2023-11-20,Clothing,804.84,北京
103667,9,2023-11-09,Food,,杭州
101008,456,2023-02-10,Books,1231.19,西安
101056,360,2023-10-02,Electronics,260.4,深圳
100821,361,2023-12-14,Clothing,1956.01,成都
103152,348,2023-09-09,Electronics,1004.99,成都
103463,311,2023-04-20,Electronics,400.58,杭州
103910,486,2023-09-21,Clothing,626.43,
100499,4,2023-09-30,Books,33.58,杭州
104537,497,2023-01-12,Clothing,1094.45,武汉
101195,285,2023-10-02,Electronics,424.44,成都
101009,324,2023-03-16,Clothing,1284.76,成都
102059,21,2023-11-24,Clothing,1884.67,杭州
102466,426,2023-08-21,Food,1836.81,上海
102542,402,2023-04-29,Clothing,191.76,广州
103588,25,2023-02-03,Books,1060.35,杭州
100296,331,2023-02-16,Books,930.8,北京
103951,476,2023-06-13,Clothing,1285.9,上海
101354,214,2023-01-23,Electronics,1982.63,北京
100135,422,2023-09-08,Electronics,872.71,成都
104056,172,2023-06-17,Electronics,443.75,成都
104451,114,2023-04-10,Electronics,1064.4,武汉
101655,422,2023-07-04,Books,205.0,武汉
100487,158,2023-05-14,Food,1030.5,西安
103792,28,2023-08-25,Clothing,670.96,北京
104025,487,2023-02-12,Electronics,930.77,武汉
103494,396,2023-11-16,Clothing,260.28,北京
101708,331,2023-01-02,Books,18.52,北京
104437,122,2023-11-24,Clothing,1270.28,西安
103402,314,2023-12-08,Books,393.02,杭州
102301,268,2023-05-29,Clothing,614.25,杭州
102169,40,2023-12-08,Clothing,654.23,成都
100616,399,2023-12-20,Electronics,1697.31,杭州
100158,398,2023-09-25,Books,906.52,西安
103734,416,2023-12-12,Electronics,278.09,成都
103660,134,2023-02-10,Food,381.34,成都
100661,47,2023-03-22,Food,1654.51,北京
103779,465,2023-07-27,Books,1133.21,西安
103682,388,2023-09-02,Electronics,550.65,广州
102687,212,2023-12-03,Food,292.48,深圳
101276,243,2023-05-15,Clothing,1065.58,武汉
103475,236,2023-03-26,Food,1985.58,成都
100194,439,2023-07-30,Electronics,643.17,西安
100102,76,2023-12-02,Electronics,1786.39,上海
103160,49,2023-01-06,Clothing,1190.92,北京
100340,426,2023-12-17,Books,1961.83,
102693,114,2023-07-09,Food,1430.47,杭州
104659,9,2023-07-24,Food,1604.05,上海
102417,120,2023-02-28,Electronics,376.67,西安
102909,94,2023-10-02,Clothing,1951.79,上海
102680,4,2023-01-17,Books,1735.45,西安
102368,280,2023-12-24,Electronics,1169.72,杭州
101158,368,2023-03-05,Electronics,237.19,西安
103994,38,2023-07-19,Food,22.43,上海
100042,414,2023-07-28,,197.71,武汉
101640,206,2023-03-26,Books,132.32,北京
104864,93,2023-11-16,Electronics,1639.39,武汉
101493,103,2023-08-01,Books,510.02,西安
104250,295,2023-12-09,Food,208.52,广州
103722,284,2023-10-09,Clothing,480.54,广州
101028,268,2023-03-11,Food,580.66,北京
100302,405,2023-11-20,Food,141.16,上海
104367,388,2023-08-12,Clothing,1717.01,广州
100886,286,2023-02-06,Clothing,1822.86,武汉
102110,340,2023-10-25,Electronics,958.88,广州
102021,257,2023-07-19,Clothing,228.37,上海
101778,203,2023-04-22,Food,855.8,武汉
103542,266,2023-12-22,Electronics,241.86,广州
100291,238,2023-10-16,Books,1365.46,成都
103911,344,2023-10-13,Clothing,1011.89,杭州
100254,51,2023-12-26,Electronics,1707.06,深圳
102983,291,2023-12-08,Clothing,553.91,广州
104776,93,2023-10-04,Electronics,328.53,上海
101086,193,2023-10-09,Food,726.42,西安
102831,72,2023-03-15,Books,1646.66,深圳
104825,388,2023-03-29,Books,715.04,成都
104882,345,2023-08-07,Electronics,616.4,武汉
102307,74,2023-04-11,Books,1174.6,上海
103381,403,2023-11-23,Food,499.61,武汉
100186,261,2023-12-28,Food,836.83,西安
104340,49,2023-03-30,Electronics,750.51,杭州
100411,76,2023-12-15,Clothing,72.83,上海
103254,274,2023-03-05,Books,1111.34,成都
102185,342,2023-05-29,Books,431.62,西安
101120,146,2023-04-13,Food,115.64,北京
102808,390,2023-03-09,Food,849.82,广州
104744,400,2023-07-09,Clothing,526.82,成都
100840,97,2023-03-03,Books,439.02,深圳
103277,40,2023-11-03,Food,716.0,西安
102690,386,2023-05-06,Food,691.46,西安
101974,66,2023-11-15,Books,157.98,杭州
104769,94,2023-05-10,Food,759.7,深圳
101717,464,2023-12-27,Clothing,24.2,武汉
102727,176,2023-11-23,Clothing,395.26,上海
103758,334,2023-12-07,Food,1555.53,上海
101950,348,2023-03-28,Electronics,201.13,西安
100882,443,2023-12-17,Books,1672.97,深圳
102227,93,2023-06-15,Books,1583.88,成都
104102,351,2023-01-12,Clothing,1981.43,上海
101897,96,2023-04-13,Electronics,1502.33,深圳
101854,388,2023-05-05,Electronics,129.25,成都
101594,109,2023-04-05,Electronics,1496.59,杭州
100666,412,2023-03-13,Electronics,33.79,深圳
100277,393,2023-03-12,Food,586.0,上海
102229,75,2023-06-10,Electronics,29.17,北京
102022,406,2023-01-11,Clothing,319.53,北京
103287,375,2023-11-22,Food,,深圳
100930,109,2023-03-18,Clothing,323.14,上海
104324,82,2023-11-03,Food,834.09,杭州
102866,180,2023-06-22,Books,1792.6,广州
101391,274,2023-06-04,Electronics,1841.66,武汉
100880,486,2023-02-19,Clothing,1943.54,北京
103191,201,2023-08-19,Clothing,1499.73,广州
100859,184,2023-08-20,Electronics,1236.06,深圳
100269,175,2023-03-22,Food,630.16,成都
100908,365,2023-11-25,Books,560.59,成都
101807,338,2023-09-26,Electronics,914.78,成都
102692,390,2023-03-13,Clothing,1048.34,北京
101789,438,2023-10-06,Food,26.98,杭州
101836,228,2023-01-27,Electronics,106.84,武汉
104300,259,2023-02-02,Clothing,319.55,北京
100209,119,2023-08-25,Food,924.55,北京
103698,350,2023-02-21,Food,613.49,武汉
103358,485,2023-09-03,Electronics,207.93,杭州
104179,204,2023-02-16,Electronics,1106.94,西安
104900,395,2023-09-20,Books,1021.09,武汉
102393,144,2023-02-10,Clothing,1824.98,深圳
103139,131,2023-10-09,Clothing,1482.03,成都
103388,500,2023-05-16,Food,643.44,上海
104309,409,2023-11-19,Clothing,1200.55,成都
100899,100,2023-02-28,Clothing,1345.25,北京
100654,39,2023-10-31,,875.62,广州
102148,226,2023-07-07,Food,753.63,
104608,351,2023-04-23,Clothing,874.78,上海
101763,467,2023-02-21,Electronics,1664.58,广州
100092,207,2023-12-23,Food,1113.28,深圳
102462,73,2023-02-19,Clothing,1108.81,广州
101136,95,2023-06-12,Clothing,1456.89,成都
103768,61,2023-03-14,Food,389.61,成都
104820,441,2023-03-09,Clothing,1941.79,深圳
104987,219,2023-08-08,Electronics,1248.55,杭州
101680,493,2023-01-10,Food,1575.65,深圳
103321,426,2023-11-10,Food,285.85,西安
102821,495,2023-09-16,Clothing,801.14,深圳
102429,426,2023-10-26,Electronics,1317.55,广州
103183,411,2023-04-20,Clothing,1331.43,西安
101347,144,2023-03-11,Electronics,1704.79,西安
101180,248,2023-12-19,Food,859.84,成都
103769,282,2023-06-17,Food,780.86,广州
102648,114,2023-02-02,Food,1459.05,西安
101506,494,2023-09-06,Electronics,120.1,
103251,148,2023-10-08,Books,1884.61,广州
103621,279,2023-12-15,Food,822.77,成都
104217,236,2023-06-23,Books,1301.01,武汉
104432,88,2023-02-19,Clothing,1073.41,成都
103262,35,2023-07-13,Clothing,11.14,西安
104439,317,2023-06-27,Food,1427.61,成都
101003,31,2023-04-21,Food,958.31,上海
101079,292,2023-11-17,Clothing,1121.26,武汉
100965,436,2023-12-03,Food,397.55,深圳
101703,358,2023-03-04,Clothing,1452.9,杭州
102253,296,2023-09-02,Books,1952.94,成都
104600,314,2023-01-03,Electronics,1037.15,上海
104993,435,2023-01-04,Food,503.34,杭州
104347,227,2023-11-23,Books,496.66,成都
103948,367,2023-07-17,Electronics,32.3,上海
103470,174,2023-09-26,Electronics,526.72,成都
104741,370,2023-09-16,Books,1218.69,武汉
104346,22,2023-07-18,Clothing,1144.33,西安
101700,140,2023-11-03,Food,1680.58,武汉
101360,500,2023-08-21,Books,1545.95,武汉
104888,284,2023-02-04,Food,1321.65,上海
100482,448,2023-02-07,Clothing,1611.25,深圳
104507,291,2023-04-06,Food,699.97,上海
101071,55,2023-09-06,Clothing,206.52,武汉
103882,272,2023-10-25,Food,366.07,杭州
101705,453,2023-12-16,Food,1273.99,西安
104072,267,2023-04-06,Electronics,519.11,西安
100189,396,2023-08-01,Food,1869.15,杭州
102005,426,2023-10-04,Electronics,587.23,西安
100239,486,2023-08-21,Electronics,1328.91,北京
100724,44,2023-12-09,Food,1618.28,武汉
103783,71,2023-05-09,Books,874.03,上海
101611,138,2023-11-28,Books,,上海
103224,413,2023-07-16,Clothing,1088.01,北京
100281,472,2023-02-09,Food,1155.76,武汉
100682,499,2023-03-23,Electronics,503.24,深圳
104096,357,2023-02-22,Clothing,752.13,深圳
104208,184,2023-04-05,Electronics,959.55,
102903,206,2023-04-13,Clothing,708.89,上海
100787,116,2023-12-22,Food,631.06,上海
103401,253,2023-10-08,Clothing,128.15,深圳
100632,384,2023-05-18,Electronics,1545.15,北京
101936,258,2023-12-19,Electronics,554.17,西安
103853,71,2023-05-13,,964.25,
104841,311,2023-12-26,Books,794.89,西安
102704,143,2023-11-08,Electronics,1303.49,成都
103221,146,2023-08-09,Clothing,468.67,杭州
100829,46,2023-09-13,Books,638.96,西安
103382,151,2023-01-20,Electronics,119.28,杭州
100214,293,2023-07-03,Food,1985.46,杭州
102018,462,2023-01-17,Clothing,1335.75,西安
103515,345,2023-12-19,Food,84.71,北京
104097,22,2023-03-08,Electronics,841.68,北京
102691,170,2023-08-19,Food,1140.78,北京
103365,63,2023-09-14,Books,1026.45,西安
102347,300,2023-11-13,Books,144.46,北京
101740,408,2023-08-08,Electronics,685.84,北京
102223,311,2023-07-16,Books,407.44,成都
102654,43,2023-04-17,Food,615.03,成都
101839,173,2023-04-09,Electronics,448.93,上海
101609,249,2023-09-20,Books,471.49,北京
103427,140,2023-12-04,Food,1495.34,北京
103749,75,2023-07-23,Electronics,1270.25,广州
101283,345,2023-01-05,Electronics,33.8,上海
100670,415,2023-03-07,Electronics,1811.11,成都
103889,99,2023-09-17,Electronics,856.05,深圳
102775,71,2023-08-14,Electronics,1669.97,武汉
100845,474,2023-09-18,Clothing,1386.72,广州
102439,403,2023-08-03,Clothing,1142.99,广州
101234,59,2023-10-31,Books,657.5,上海
104045,490,2023-04-24,Food,1762.2,广州
103180,6,2023-07-10,,1025.29,北京
104865,415,2023-02-05,Books,662.31,成都
102372,413,2023-10-16,Electronics,698.23,上海
103625,121,2023-07-27,Clothing,1721.6,北京
104343,153,2023-01-05,Electronics,1529.52,上海
102777,225,2023-07-24,Clothing,419.21,武汉
101042,29,2023-05-17,Books,152.06,西安
103340,370,2023-04-03,Books,86.51,北京
104664,371,2023-02-03,Food,1177.51,武汉
102769,395,2023-10-22,Food,1787.55,广州
101867,147,2023-10-23,Books,1935.77,深圳
100821,361,2023-12-14,Clothing,1956.01,成都
104518,5,2023-05-16,Clothing,978.35,深圳
103226,415,2023-09-06,Electronics,200.41,武汉
102218,240,2023-09-11,Books,1030.19,武汉
103617,53,2023-11-18,Clothing,529.59,武汉
104480,474,2023-06-18,Electronics,1581.92,深圳
101304,206,2023-01-29,Electronics,737.06,成都
104957,448,2023-07-24,,1682.4,广州
103312,52,2023-02-12,Electronics,1594.43,北京
102041,381,2023-10-29,Food,484.12,杭州
101795,108,2023-08-13,Books,1707.36,北京
103026,241,2023-05-28,Electronics,890.61,北京
103872,160,2023-09-17,Books,1138.77,上海
102183,46,2023-11-29,Electronics,1236.36,武汉
100862,214,2023-12-17,Food,1932.01,北京
104651,340,2023-03-23,Electronics,1281.83,成都
103411,334,2023-04-18,Electronics,1661.64,北京
103412,212,2023-02-24,Food,420.6,广州
100496,392,2023-01-04,Books,283.61,深圳
104185,342,2023-11-19,Books,1846.86,杭州
104510,234,2023-01-15,Clothing,1093.96,武汉
103028,359,2023-03-05,Electronics,384.52,成都
101291,132,2023-03-24,Electronics,561.8,北京
103195,361,2023-03-16,Electronics,745.35,武汉
103997,418,2023-12-03,Electronics,636.82,武汉
102191,17,2023-01-08,Electronics,315.22,成都
104687,399,2023-11-12,Books,1952.14,广州
102723,321,2023-08-14,Electronics,1954.69,广州
103038,117,2023-10-28,Clothing,,成都
104378,217,2023-11-19,Food,1652.79,
103142,384,2023-07-28,Electronics,459.37,西安
101454,92,2023-01-07,Books,1347.47,武汉
102741,13,2023-06-14,Books,1583.93,成都
104415,199,2023-05-30,Electronics,1120.34,深圳
103315,242,2023-04-01,Electronics,275.63,成都
102918,73,2023-05-03,Books,384.8,武汉
101900,194,2023-03-05,Food,137.88,北京
103865,460,2023-02-03,Clothing,1403.39,北京
101452,116,2023-10-11,Books,588.27,武汉
104519,217,2023-03-10,Electronics,533.96,杭州
102266,96,2023-05-17,Electronics,957.72,西安
101986,283,2023-05-19,Electronics,1794.17,广州
103879,128,2023-07-30,Clothing,209.02,杭州
103717,33,2023-08-23,Clothing,404.66,深圳
103582,301,2023-06-09,,1255.82,北京
104642,252,2023-03-18,Food,477.41,武汉
102921,340,2023-12-02,Food,1824.62,武汉
100446,354,2023-03-02,Food,741.41,深圳
104559,244,2023-11-06,Food,69.75,上海
102192,431,2023-09-23,Food,676.83,武汉
101583,332,2023-12-18,Clothing,1862.03,上海
104946,461,2023-01-04,Electronics,365.5,杭州
103522,253,2023-04-21,Clothing,815.94,成都
104194,443,2023-05-06,Electronics,1711.62,上海
102160,32,2023-07-05,Books,1957.34,深圳
101419,192,2023-09-20,Electronics,1692.11,广州
104953,125,2023-07-12,Food,274.59,杭州
103507,485,2023-11-20,Books,321.78,成都
103626,187,2023-01-02,Books,1085.84,上海
102440,474,2023-10-03,Clothing,1555.13,武汉
102444,461,2023-04-03,Books,40.87,上海
103274,238,2023-03-08,Books,1919.64,深圳
104100,234,2023-08-24,Food,801.79,上海
101521,440,2023-08-15,Books,25.65,武汉
104656,450,2023-07-13,Clothing,1895.47,广州
101774,256,2023-09-23,Books,366.21,成都
101034,146,2023-11-29,Food,831.68,上海
102730,475,2023-11-09,Clothing,1146.31,广州
102320,65,2023-07-26,Electronics,930.99,西安
103372,109,2023-03-27,Clothing,1245.94,西安
102748,473,2023-05-26,Electronics,948.96,上海
102082,418,2023-03-25,Food,670.2,广州
104421,68,2023-11-04,Electronics,792.86,杭州
101296,468,2023-08-15,Food,215.54,上海
101758,186,2023-01-06,Electronics,722.19,上海
100956,92,2023-07-09,Books,515.02,杭州
103103,454,2023-10-31,Food,728.27,北京
104449,103,2023-05-14,Food,1696.34,深圳
101487,104,2023-09-12,Electronics,1682.36,深圳
102978,461,2023-08-26,Books,755.89,杭州
101427,191,2023-09-06,Books,687.22,广州
101866,126,2023-08-06,Clothing,1215.64,杭州
104931,22,2023-08-17,Electronics,415.14,北京
100827,260,2023-04-25,Books,812.52,深圳
101831,91,2023-05-31,Electronics,1073.96,武汉
101712,498,2023-07-12,,779.63,北京
102512,232,2023-04-25,Electronics,800.72,深圳
103500,271,2023-11-28,Electronics,805.42,深圳
101701,180,2023-11-20,Clothing,1174.47,杭州
104716,439,2023-03-04,Food,950.19,成都
100618,331,2023-01-28,Clothing,994.83,上海
100379,304,2023-10-25,Clothing,350.69,成都
100783,67,2023-11-11,Books,1270.64,武汉
100225,441,2023-12-13,Books,1934.87,成都
101145,114,2023-12-10,Clothing,1517.98,上海
103094,107,2023-04-28,Books,24.23,上海
103051,252,2023-01-07,Food,1266.7,成都
100386,311,2023-03-15,Food,1724.36,成都
101442,259,2023-10-19,Electronics,207.22,北京
101508,460,2023-07-06,Electronics,799.82,广州
101068,393,2023-10-10,Clothing,1229.95,成都
104704,482,2023-11-29,Food,1786.65,广州
102617,239,2023-02-12,Food,1375.27,上海
100258,35,2023-02-16,Electronics,195.53,上海
104711,244,2023-07-06,Books,1399.59,武汉
104560,254,2023-05-05,Clothing,673.74,北京
104662,128,2023-01-02,Books,474.67,深圳
101111,395,2023-06-06,Clothing,1975.43,西安
103978,309,2023-04-05,Electronics,202.18,广州
104476,226,2023-10-26,Books,1464.94,上海
104254,190,2023-06-22,Books,1602.7,广州
101685,278,2023-03-28,Food,296.63,杭州
102046,390,2023-04-14,Clothing,97.18,深圳
103476,16,2023-01-17,Electronics,1562.29,北京
104800,385,2023-11-03,Books,632.98,广州
100781,3,2023-08-20,Food,426.67,
100156,78,2023-03-18,Food,179.51,深圳
101160,373,2023-09-19,Clothing,763.57,武汉
102619,295,2023-09-17,Books,1375.73,北京
102097,492,2023-05-23,Clothing,189.99,广州
100617,106,2023-09-23,Clothing,1498.21,杭州
102580,297,2023-07-06,Food,1547.02,西安
100844,272,2023-01-25,Books,1679.24,西安
100830,382,2023-12-01,Electronics,214.26,武汉
104422,341,2023-06-25,Books,1121.67,武汉
103349,457,2023-11-30,Electronics,1635.31,杭州
103307,79,2023-08-01,Books,1956.93,成都
100223,496,2023-06-01,Food,1610.42,西安
101256,298,2023-09-04,Electronics,292.75,杭州
102369,335,2023-01-16,Electronics,682.71,
100785,375,2023-07-11,Electronics,1785.09,深圳
100782,296,2023-03-23,Books,1572.57,上海
101044,63,2023-05-08,Books,1544.74,西安
101377,357,2023-03-17,Books,309.49,深圳
101131,45,2023-07-15,Clothing,840.49,广州
102674,436,2023-03-24,Books,744.44,深圳
103768,61,2023-03-14,Food,389.61,成都
102745,400,2023-12-04,Books,1378.72,西安
102746,128,2023-05-24,Books,128.04,北京
103536,100,2023-03-29,Clothing,1883.78,广州
104114,154,2023-12-02,Electronics,887.54,武汉
101515,163,2023-10-07,Books,954.96,深圳
100444,355,2023-05-01,Electronics,1338.89,西安
101599,412,2023-06-04,Electronics,258.93,北京
101512,479,2023-08-05,Clothing,297.11,广州
100432,468,2023-03-31,Books,1765.67,广州
100272,227,2023-12-05,Books,976.47,西安
103311,173,2023-03-23,Food,1190.96,上海
100100,313,2023-02-07,Books,834.74,深圳
101607,27,2023-06-20,Electronics,214.3,武汉
101468,221,2023-03-02,Books,905.73,
102156,206,2023-06-18,Electronics,641.4,西安
103049,35,2023-06-15,Books,1219.56,广州
100590,425,2023-05-07,Books,984.02,杭州
102002,90,2023-02-08,Food,1680.42,成都
104457,161,2023-04-03,Electronics,895.89,杭州
103504,388,2023-03-08,Food,1447.28,武汉
101169,126,2023-10-08,Food,1243.33,深圳
100018,203,2023-11-26,Books,294.31,广州
101132,219,2023-06-09,Food,903.85,广州
100433,479,2023-01-19,Books,1578.04,广州
104780,422,2023-03-29,Books,1727.4,杭州
102708,284,2023-10-01,Electronics,,北京
101055,477,2023-11-17,Electronics,128.95,广州
102467,228,2023-08-10,Books,533.48,广州
104691,461,2023-01-04,,1598.56,北京
102622,310,2023-08-19,Food,1564.2,成都
104296,426,2023-09-01,Books,649.02,杭州
103320,56,2023-05-17,Food,1234.72,上海
100371,270,2023-07-30,Books,1648.45,上海
100797,64,2023-10-08,Food,954.05,广州
103736,136,2023-10-11,Books,1217.09,西安
100635,29,2023-09-13,Clothing,741.7,杭州
103980,137,2023-04-01,Clothing,290.42,
100121,168,2023-04-19,Books,660.42,武汉
100851,103,2023-04-18,Food,1376.36,广州
104874,432,2023-03-12,Books,1123.23,北京
103379,69,2023-02-19,Electronics,1189.84,西安
104381,490,2023-07-29,Electronics,926.68,上海
103943,89,2023-09-22,Electronics,1426.26,深圳
103548,27,2023-08-09,Clothing,878.12,上海
101874,193,2023-10-15,Books,153.16,广州
102049,467,2023-08-12,Electronics,970.81,北京
100531,33,2023-03-27,Books,559.16,杭州
100754,26,2023-03-25,Clothing,1715.65,深圳
104147,398,2023-06-12,Food,434.85,北京
100690,270,2023-09-02,Electronics,670.15,深圳
101688,93,2023-01-14,Electronics,603.07,上海
102556,469,2023-05-10,Electronics,1217.48,北京
100702,170,2023-02-09,Clothing,700.15,成都
101992,225,2023-07-01,Books,1009.44,杭州
103935,157,2023-06-11,Books,1161.76,广州
103668,423,2023-05-14,Clothing,25.13,杭州
101050,499,2023-02-27,Clothing,1269.49,成都
100489,469,2023-04-15,Food,632.71,北京
100422,420,2023-06-26,Clothing,588.0,杭州
104112,293,2023-09-20,Books,730.48,北京
103063,35,2023-08-19,Books,1557.09,
104328,415,2023-11-06,Clothing,65.28,成都
100424,383,2023-09-03,Clothing,412.12,杭州
101591,432,2023-07-21,Electronics,175.75,杭州
104209,416,2023-03-12,Electronics,514.71,武汉
100776,242,2023-04-10,Electronics,1736.32,武汉
103480,369,2023-03-18,Food,632.56,上海
104567,292,2023-03-27,Electronics,953.18,北京
104059,147,2023-02-24,Books,1079.11,广州
103611,151,2023-09-19,Electronics,1946.43,上海
101997,284,2023-09-10,,1924.71,武汉
102338,6,2023-10-25,Food,77.83,西安
102639,370,2023-12-01,Electronics,1675.34,武汉
100114,200,2023-10-27,Electronics,1714.9,武汉
102371,474,2023-12-06,Electronics,478.88,上海
100066,481,2023-03-10,Food,239.7,上海
101097,472,2023-06-21,Food,1760.79,武汉
104483,327,2023-01-16,Clothing,1061.04,成都
104925,198,2023-11-21,Books,1908.16,杭州
102595,216,2023-08-07,Food,1908.42,武汉
104638,497,2023-06-06,Clothing,1788.73,西安
104235,71,2023-10-19,Books,453.25,深圳
104308,233,2023-01-26,Books,589.78,北京
104522,295,2023-01-23,Books,995.64,杭州
102135,149,2023-03-24,Clothing,1367.92,上海
100937,450,2023-12-05,Food,1895.04,深圳
100760,155,2023-12-13,Books,1173.13,北京
102929,274,2023-01-15,Electronics,1933.87,武汉
101219,316,2023-07-02,Food,671.34,深圳
101621,10,2023-07-03,Food,720.52,广州
102395,19,2023-05-01,Books,1303.32,西安
103950,148,2023-02-01,Clothing,1796.5,杭州
103062,42,2023-09-28,Books,930.75,杭州
103100,309,2023-11-30,Books,417.13,上海
103096,275,2023-01-04,Food,538.64,成都
102260,363,2023-08-21,Clothing,1697.14,上海
102958,172,2023-12-03,Books,60.37,西安
102070,374,2023-08-11,Food,305.19,西安
100541,304,2023-10-07,Clothing,1366.61,北京
101912,9,2023-11-21,Food,1748.13,成都
101975,134,2023-07-15,Clothing,806.12,上海
103840,133,2023-02-15,Books,233.86,武汉
102463,15,2023-11-03,Electronics,1920.11,深圳
100006,111,2023-06-22,Electronics,194.56,上海
101873,132,2023-07-14,Books,618.64,杭州
104390,392,2023-08-16,Food,1774.32,北京
104369,345,2023-04-15,Clothing,1630.97,
101479,127,2023-05-01,Food,1189.14,上海
102744,167,2023-09-03,Books,1904.57,北京
103941,291,2023-02-22,Clothing,1951.81,西安
103271,333,2023-06-04,,,北京
102095,399,2023-12-02,Clothing,647.31,武汉
102363,66,2023-09-22,Food,210.82,西安
103714,262,2023-12-09,Books,771.0,深圳
104678,390,2023-07-01,Electronics,1446.3,杭州
100534,235,2023-02-24,Clothing,616.27,武汉
102812,248,2023-06-26,Clothing,1261.14,武汉
102740,107,2023-12-05,Food,596.65,成都
101465,390,2023-02-09,Books,1587.54,深圳
104930,480,2023-11-03,Clothing,830.41,杭州
102649,302,2023-08-04,Food,1087.5,西安
104485,313,2023-09-09,Electronics,557.45,成都
101772,108,2023-02-11,,1584.08,上海
100215,12,2023-12-04,Books,556.22,北京
100368,406,2023-03-13,Clothing,1582.84,北京
102446,446,2023-01-18,Books,57.62,广州
100759,437,2023-06-28,,511.48,西安
102152,149,2023-07-12,Clothing,1144.57,上海
103077,64,2023-01-27,Food,1109.62,成都
103593,9,2023-09-11,Books,890.96,杭州
103981,172,2023-09-20,Electronics,904.07,杭州
101496,138,2023-11-23,Books,1869.93,北京
101293,490,2023-05-16,Clothing,886.74,西安
102916,481,2023-08-21,Books,1570.28,上海
102743,439,2023-05-21,Electronics,158.11,广州
103124,13,2023-12-10,Food,1926.75,深圳
104661,397,2023-04-11,Electronics,1067.08,西安
100544,345,2023-09-13,Clothing,1270.34,深圳
101787,185,2023-01-20,Clothing,674.18,成都
103109,408,2023-12-08,Clothing,164.57,上海
101050,499,2023-02-27,Clothing,1269.49,成都
104010,397,2023-10-15,Books,451.34,广州
102017,21,2023-03-10,Books,847.9,成都
103143,80,2023-12-22,Clothing,1435.24,上海
104502,261,2023-11-03,Books,1141.02,深圳
100901,149,2023-12-10,Electronics,508.87,深圳
100430,388,2023-05-28,Food,577.98,北京
103087,417,2023-04-17,Books,326.53,杭州
101147,455,2023-05-07,Books,815.68,北京
102516,316,2023-08-31,Clothing,127.28,西安
103557,260,2023-07-08,Electronics,1608.54,杭州
104944,167,2023-11-01,Books,1264.13,广州
103239,492,2023-01-13,Clothing,1294.5,上海
102490,468,2023-01-28,Food,976.16,深圳
103751,210,2023-08-27,Clothing,116.47,上海
100513,476,2023-02-09,Food,333.28,深圳
102870,365,2023-11-03,,1705.9,广州
102009,153,2023-07-01,Electronics,20.26,广州
101730,15,2023-09-03,Books,1618.04,成都
101345,70,2023-08-23,Clothing,1267.72,杭州
104892,333,2023-10-15,Books,50.66,深圳
102406,84,2023-07-15,Books,1493.81,深圳
102247,98,2023-07-08,Electronics,1868.88,北京
100985,80,2023-02-24,Electronics,1841.17,西安
103306,397,2023-06-10,Electronics,876.89,武汉
102261,469,2023-03-08,Clothing,1834.23,武汉
102493,486,2023-11-11,Food,267.14,北京
101226,244,2023-02-27,Food,962.52,广州
102682,453,2023-10-03,Electronics,1434.43,北京
100591,322,2023-08-01,Books,909.46,上海
103705,429,2023-02-02,Clothing,408.36,广州
103885,26,2023-06-17,Books,531.64,北京
100768,299,2023-12-29,Clothing,692.9,深圳
100132,436,2023-12-17,Electronics,1594.49,北京
102933,457,2023-04-24,Food,155.2,深圳
103999,28,2023-10-19,Clothing,407.22,北京
103448,1,2023-08-07,Food,1869.96,西安
101808,266,2023-01-06,Clothing,660.28,武汉
104536,483,2023-06-28,Clothing,1030.18,武汉
103468,276,2023-04-29,Clothing,488.56,北京
103585,33,2023-01-29,Electronics,1669.08,武汉
101710,391,2023-07-21,Electronics,1576.74,上海
100592,207,2023-09-21,Food,1392.46,成都
100324,198,2023-02-11,Food,456.83,成都
104458,210,2023-06-17,Clothing,1853.9,深圳
102200,15,2023-11-13,Electronics,1147.87,北京
101803,244,2023-02-25,Food,1143.33,西安
101094,376,2023-02-09,Food,1587.88,广州
101048,382,2023-10-09,Electronics,514.09,杭州
101101,79,2023-01-26,Books,1942.37,上海
100262,54,2023-10-23,Clothing,317.91,西安
101424,279,2023-06-15,Food,1655.38,杭州
102276,201,2023-07-21,Electronics,447.58,杭州
101970,72,2023-10-23,Books,1393.25,成都
103228,470,2023-04-23,Food,223.7,深圳
102567,34,2023-04-09,Clothing,1460.62,上海
101143,252,2023-08-31,Clothing,335.93,深圳
100012,326,2023-07-06,Clothing,746.66,深圳
100638,197,2023-03-18,Clothing,1863.01,北京
103567,209,2023-11-15,Electronics,1980.15,西安
103390,119,2023-01-26,Food,629.86,上海
103403,177,2023-03-11,Books,1947.71,武汉
103092,10,2023-09-19,Food,989.53,武汉
101008,456,2023-02-10,Books,1231.19,西安
103765,415,2023-12-02,Electronics,1612.67,深圳
104858,145,2023-12-31,Electronics,1930.35,
103089,27,2023-11-26,Clothing,962.6,北京
103404,467,2023-10-24,Food,546.03,上海
101545,121,2023-11-13,Books,1815.58,成都
104847,276,2023-11-14,Clothing,277.59,杭州
100954,290,2023-07-07,Food,1983.68,武汉
101533,232,2023-09-02,Clothing,528.75,成都
101563,434,2023-03-17,Electronics,705.71,深圳
100242,169,2023-03-17,Electronics,561.78,广州
102849,400,2023-12-29,Books,1125.73,武汉
104620,496,2023-01-01,Clothing,1922.34,武汉
104891,6,2023-09-22,,675.7,西安
100234,301,2023-03-21,Books,1313.29,西安
101648,267,2023-06-24,Clothing,56.61,杭州
103874,57,2023-03-05,Clothing,1447.54,广州
102364,119,2023-01-27,Food,54.86,杭州
103318,299,2023-02-12,Electronics,1232.58,深圳
104391,228,2023-05-18,Books,294.01,武汉
101027,212,2023-05-14,Clothing,614.11,北京
101052,405,2023-05-05,Electronics,1937.98,西安
100211,38,2023-08-15,Food,1975.43,杭州
102357,45,2023-10-26,Electronics,1261.94,上海
103684,479,2023-06-19,Books,838.01,成都
104762,383,2023-07-31,Electronics,200.35,杭州
101666,191,2023-06-06,Food,613.49,西安
102090,61,2023-07-04,Electronics,1792.22,广州
100479,199,2023-05-05,Food,414.64,上海
103167,3,2023-07-18,Clothing,1547.2,北京
103928,134,2023-05-15,Books,116.44,深圳
102240,36,2023-08-29,Electronics,1661.4,武汉
104636,6,2023-09-12,Books,876.1,成都
104889,266,2023-07-10,Electronics,1877.38,广州
101698,22,2023-01-01,Books,1922.62,杭州
102348,437,2023-03-23,Clothing,202.12,上海
100588,70,2023-07-30,Electronics,1985.05,广州
104520,347,2023-05-19,Books,240.96,深圳
103313,77,2023-10-04,Books,990.37,上海
100770,260,2023-06-03,Clothing,1682.87,广州
104207,304,2023-04-19,Food,907.21,西安
100630,62,2023-01-07,Clothing,1405.98,广州
101356,232,2023-09-11,Clothing,175.35,北京
102275,34,2023-09-30,Electronics,558.16,武汉
101520,463,2023-12-17,Electronics,1074.47,深圳
101223,241,2023-04-29,Clothing,296.01,杭州
100024,271,2023-05-09,Electronics,1363.76,上海
103620,444,2023-04-29,Clothing,1754.52,广州
100521,409,2023-05-07,Electronics,173.26,广州
103479,225,2023-10-03,Food,123.92,北京
100941,473,2023-08-21,Electronics,467.33,武汉
101119,193,2023-10-26,Electronics,518.36,北京
101091,49,2023-01-20,Books,717.75,广州
100674,144,2023-08-17,Clothing,78.95,深圳
102321,430,2023-01-28,Electronics,118.84,上海
104462,227,2023-07-13,Clothing,1189.05,武汉
102922,388,2023-10-07,Clothing,572.3,广州
102829,1,2023-02-08,Food,1419.6,杭州
101002,129,2023-10-15,Electronics,802.82,广州
101447,195,2023-08-06,Clothing,1033.36,武汉
103184,246,2023-04-20,Electronics,353.11,上海
102085,262,2023-08-01,Clothing,12.41,深圳
103857,421,2023-04-15,Books,224.84,深圳
103148,35,2023-05-10,Books,,武汉
102389,460,2023-04-23,Books,1429.14,成都
102456,25,2023-10-16,Books,577.66,武汉
101698,22,2023-01-01,Books,1922.62,杭州
103822,55,2023-02-15,Books,119.3,广州
100196,254,2023-01-19,Clothing,1009.56,成都
103187,290,2023-03-26,Clothing,1257.61,武汉
103545,419,2023-01-14,Books,316.44,西安
102027,443,2023-05-15,Clothing,1336.0,武汉
104403,428,2023-01-17,Clothing,802.96,西安
102083,125,2023-01-29,Food,1258.7,上海
102842,268,2023-02-22,Electronics,1995.23,成都
104839,47,2023-03-28,Clothing,498.91,
100565,344,2023-09-08,Food,1197.97,武汉
103054,190,2023-10-17,Books,135.62,西安
103079,331,2023-06-15,Books,364.22,北京
100741,173,2023-06-05,Food,,西安
102458,221,2023-09-23,Food,1154.52,成都
102689,329,2023-12-22,Electronics,921.9,西安
101856,329,2023-01-20,Clothing,1847.58,西安
101857,379,2023-06-18,Clothing,563.47,北京
101340,370,2023-08-16,Food,843.94,成都
102492,114,2023-10-21,Clothing,1076.67,上海
103017,12,2023-03-07,Electronics,493.49,广州
104581,295,2023-12-08,Electronics,646.14,上海
102715,164,2023-11-21,Electronics,400.89,上海
100726,420,2023-09-25,Books,1931.6,西安
104627,55,2023-10-09,Electronics,1376.37,上海
101119,193,2023-10-26,Electronics,518.36,北京
100309,487,2023-04-20,Food,1895.86,西安
101707,492,2023-11-03,Food,41.59,广州
104583,376,2023-11-07,Books,518.05,武汉
100112,362,2023-04-20,Electronics,835.59,成都
104735,96,2023-10-12,Food,1994.09,西安
100855,414,2023-01-07,Electronics,60.29,广州
101913,348,2023-08-16,Clothing,1217.46,武汉
103597,382,2023-09-09,Books,1846.43,北京
101206,421,2023-09-22,Clothing,418.32,北京
101312,19,2023-06-23,Electronics,682.06,北京
103711,403,2023-04-03,Food,965.36,成都
102998,393,2023-01-11,,1862.57,广州
103065,243,2023-05-07,Clothing,1269.81,成都
102908,440,2023-02-05,Clothing,385.08,西安
104896,248,2023-11-27,Books,1335.09,北京
101706,140,2023-05-06,Food,689.84,西安
104145,27,2023-12-08,Food,1304.82,深圳
104084,35,2023-10-08,Books,1221.23,广州
101791,242,2023-12-01,Clothing,1732.28,深圳
103930,309,2023-11-14,Clothing,906.17,上海
102615,160,2023-07-18,Books,79.31,武汉
101103,68,2023-06-22,Electronics,956.95,北京
101785,184,2023-02-12,Food,1686.78,上海
103538,215,2023-02-09,Electronics,517.74,北京
104854,6,2023-01-08,Food,464.26,广州
100177,417,2023-10-09,Electronics,915.1,成都
102442,175,2023-06-10,Electronics,172.2,武汉
103500,271,2023-11-28,Electronics,805.42,深圳
103467,466,2023-11-29,Clothing,115.14,广州
101899,445,2023-11-22,Clothing,168.82,上海
100202,317,2023-02-05,Clothing,1266.01,杭州
102403,372,2023-11-15,Books,1732.83,北京
103875,30,2023-12-18,Books,1989.42,深圳
103375,199,2023-06-14,Food,406.24,北京
104739,373,2023-10-08,Books,957.02,广州
102391,270,2023-05-17,Food,1398.57,上海
104197,118,2023-10-14,Food,1546.62,成都
103492,321,2023-08-29,Electronics,819.4,深圳
102925,252,2023-02-23,Food,1126.89,武汉
102187,487,2023-03-05,Food,1935.56,西安
104845,332,2023-01-21,Electronics,1437.18,上海
101901,300,2023-05-01,Books,,上海
101164,148,2023-11-17,Clothing,243.93,广州
100437,170,2023-03-25,Books,1300.09,
104405,10,2023-10-06,Clothing,548.41,杭州
100241,36,2023-10-11,Clothing,1176.9,深圳
100116,437,2023-08-03,Clothing,981.58,杭州
103587,417,2023-11-10,Food,1648.89,北京
100306,159,2023-10-14,Books,1290.55,成都
102107,125,2023-04-18,Clothing,121.17,广州
104373,98,2023-03-21,Clothing,410.24,深圳
103223,12,2023-10-11,Food,1527.08,广州
102656,320,2023-06-30,Books,836.63,北京
100932,247,2023-12-12,Books,963.25,广州
103636,436,2023-06-19,Electronics,1903.29,深圳
104388,158,2023-11-12,Clothing,693.42,深圳
103281,323,2023-09-24,Food,58.04,武汉
101625,395,2023-10-13,Food,1793.67,上海
100403,257,2023-01-21,Electronics,87.44,成都
103628,168,2023-12-12,Clothing,181.52,武汉
101858,267,2023-08-01,Food,1503.6,深圳
101248,148,2023-12-10,Clothing,277.21,上海
100838,360,2023-02-24,Electronics,1794.79,西安
100421,148,2023-03-04,Books,1792.56,武汉
103959,217,2023-05-18,Electronics,156.91,武汉
102527,369,2023-12-13,Food,1049.74,成都
100523,185,2023-02-24,Electronics,20.34,杭州
102550,356,2023-05-09,Electronics,1120.23,武汉
100625,143,2023-02-12,Food,167.25,深圳
100857,147,2023-12-16,Food,301.39,北京
101714,5,2023-04-24,Electronics,1519.26,成都
104402,449,2023-01-06,Food,1930.06,上海
104170,319,2023-06-27,Food,1421.28,武汉
103011,155,2023-07-14,Clothing,1810.02,武汉
102549,365,2023-03-15,Books,1125.37,西安
100366,457,2023-06-03,Clothing,1426.5,广州
102157,109,2023-12-26,Books,237.51,西安
102295,491,2023-09-27,Clothing,537.97,成都
102243,202,2023-06-02,Books,991.74,上海
104231,12,2023-07-28,Clothing,712.48,深圳
101823,387,2023-02-23,Food,826.09,广州
103919,99,2023-10-12,Books,1373.32,上海
104906,425,2023-03-02,Books,126.78,武汉
100766,370,2023-01-14,Books,1994.96,杭州
101040,253,2023-04-22,Food,846.28,西安
102928,457,2023-10-28,Clothing,1285.46,北京
100268,47,2023-09-29,Clothing,758.63,西安
104980,490,2023-06-06,Clothing,1707.29,杭州
101547,69,2023-06-15,Books,1376.84,武汉
100349,411,2023-02-12,Books,167.06,广州
102787,374,2023-11-28,Food,100.29,深圳
102697,327,2023-04-27,Electronics,1703.33,杭州
104873,396,2023-10-02,Food,1493.26,武汉
100820,24,2023-02-02,Food,1313.4,北京
101786,403,2023-05-22,Clothing,205.83,上海
101399,401,2023-05-23,Clothing,54.87,西安
100831,19,2023-10-13,Electronics,1653.56,杭州
101934,349,2023-08-22,Clothing,1206.92,广州
103622,118,2023-10-21,Books,1919.94,北京
103988,210,2023-05-21,Electronics,924.12,深圳
100108,431,2023-11-23,Food,1533.97,西安
103654,86,2023-05-24,Clothing,1558.97,成都
102902,451,2023-05-10,Books,190.56,杭州
102771,14,2023-10-01,Electronics,1561.13,成都
101564,445,2023-05-26,Clothing,1671.56,杭州
101845,7,2023-07-19,Clothing,922.96,上海
104248,75,2023-04-25,Electronics,1190.71,武汉
103389,94,2023-10-23,Clothing,1168.63,上海
104186,274,2023-05-13,Books,962.17,成都
104974,26,2023-09-25,Food,1791.47,深圳
102686,389,2023-10-24,Electronics,1446.77,成都
104020,185,2023-08-18,Food,711.35,成都
104869,158,2023-05-17,Food,164.76,西安
104999,388,2023-10-22,Clothing,1932.34,广州
102590,157,2023-03-25,Books,1098.09,北京
101987,163,2023-07-19,Clothing,696.89,武汉
100378,315,2023-10-01,Electronics,1010.12,广州
103720,380,2023-07-30,Clothing,1911.13,武汉
102488,32,2023-10-15,Food,530.59,成都
103577,294,2023-07-13,Food,819.78,上海
104189,325,2023-02-24,Food,514.98,广州
102251,62,2023-03-06,Food,1725.17,武汉
101834,458,2023-12-12,Clothing,889.7,北京
101892,384,2023-04-18,Books,1401.03,北京
104532,281,2023-08-29,Books,1307.28,成都
103175,465,2023-03-12,Electronics,57.98,上海
101179,314,2023-01-30,Electronics,1147.02,上海
104545,431,2023-10-10,Electronics,128.4,西安
101202,58,2023-07-11,Electronics,1557.8,上海
103940,304,2023-08-19,Clothing,1047.71,深圳
101797,256,2023-12-04,Food,686.25,武汉
101080,383,2023-02-24,Food,1352.24,武汉
103724,405,2023-10-23,Clothing,647.21,杭州
100385,226,2023-08-01,Books,934.24,成都
100970,372,2023-10-14,Food,701.48,杭州
100300,225,2023-09-26,Clothing,734.16,杭州
103178,299,2023-07-31,Electronics,1123.74,深圳
103291,219,2023-10-08,Food,1980.95,深圳
100057,297,2023-11-01,Electronics,1242.57,
104001,3,2023-09-05,Food,1813.04,上海
100217,398,2023-04-28,Food,445.82,深圳
101096,20,2023-10-23,Books,166.17,北京
104184,458,2023-10-13,Clothing,1415.11,西安
100805,465,2023-02-26,Books,306.8,上海
103170,68,2023-11-06,Electronics,881.81,成都
104284,240,2023-08-14,Electronics,1470.79,上海
104423,420,2023-07-11,Clothing,608.76,北京
104645,423,2023-08-23,Clothing,794.54,北京
101267,8,2023-02-27,Clothing,1821.16,广州
100817,411,2023-10-19,Books,370.71,武汉
104479,8,2023-06-18,Food,1832.65,杭州
104482,268,2023-02-23,Electronics,372.63,深圳
100722,23,2023-05-15,Books,935.47,深圳
102733,335,2023-11-01,Books,1561.71,杭州
100228,56,2023-12-12,Clothing,948.24,成都
100938,230,2023-11-07,Books,1735.93,广州
101477,392,2023-11-17,Food,767.34,武汉
100891,311,2023-02-14,Food,1532.9,西安
103269,13,2023-06-11,Books,405.42,北京
101948,377,2023-11-30,Electronics,730.83,上海
101236,36,2023-11-03,Electronics,1374.16,武汉
100649,435,2023-06-07,Electronics,418.34,深圳
101669,2,2023-03-04,Food,144.45,北京
103923,167,2023-10-07,Clothing,540.86,深圳
100138,166,2023-05-06,Electronics,565.07,西安
101274,27,2023-03-27,Books,803.5,杭州
100187,242,2023-05-05,Books,1107.02,武汉
104301,411,2023-10-27,Food,776.7,杭州
101682,206,2023-10-29,Electronics,988.03,北京
103367,404,2023-02-17,Food,361.03,深圳
103631,292,2023-03-18,Electronics,1050.45,广州
104192,421,2023-11-13,Food,430.02,北京
104509,338,2023-03-10,Clothing,948.36,广州
102159,328,2023-04-20,Food,,武汉
104141,295,2023-07-15,,611.15,西安
104857,445,2023-04-12,Books,238.19,杭州
104505,231,2023-12-07,,181.04,成都
103317,21,2023-03-26,Food,666.98,北京
101373,241,2023-12-30,Food,909.44,成都
103199,355,2023-09-08,Food,1070.15,上海
104177,401,2023-07-01,Clothing,267.11,武汉
103027,41,2023-04-01,Clothing,533.89,深圳
102630,151,2023-07-02,Books,44.86,成都
104759,296,2023-10-11,Clothing,74.44,广州
104569,75,2023-04-26,Food,593.34,广州
100475,357,2023-08-02,Books,306.94,武汉
104047,466,2023-07-11,Food,301.55,成都
102624,218,2023-09-30,Books,1741.93,上海
100530,72,2023-05-18,Food,544.13,广州
104777,421,2023-07-18,Clothing,702.64,北京
102889,33,2023-12-16,Food,140.17,杭州
100543,426,2023-12-21,Electronics,1639.74,武汉
104212,482,2023-04-14,Clothing,1506.28,武汉
103791,261,2023-01-22,Books,911.4,深圳
101721,452,2023-09-25,Food,391.78,北京
103706,450,2023-11-27,Electronics,1257.55,上海
100325,477,2023-02-20,Food,1584.85,广州
104918,352,2023-11-24,Electronics,234.78,成都
104461,446,2023-07-15,Books,184.37,西安
100634,365,2023-10-23,Electronics,997.33,成都
104299,79,2023-12-13,Books,1261.56,成都
104860,461,2023-05-28,Electronics,1831.63,深圳
101659,447,2023-05-16,Books,1276.56,西安
104867,428,2023-09-11,Clothing,353.15,广州
102571,291,2023-12-23,Electronics,1136.72,西安
104066,228,2023-04-23,Clothing,1236.37,北京
103446,419,2023-04-21,Books,1776.06,上海
103646,197,2023-10-05,Clothing,1715.48,武汉
100578,87,2023-08-23,Books,1103.96,上海
102125,15,2023-05-03,Food,333.89,上海
102645,3,2023-07-28,Clothing,47.25,武汉
104758,59,2023-05-28,Food,1675.93,武汉
103658,325,2023-03-10,Food,1581.17,深圳
103817,128,2023-04-30,Clothing,1526.77,武汉
102298,428,2023-11-10,Electronics,872.58,西安
104523,356,2023-12-04,Electronics,1143.64,广州
100455,287,2023-08-25,Food,1449.33,武汉
103670,475,2023-02-27,Books,1202.01,广州
104441,88,2023-12-15,Food,288.49,成都
103924,170,2023-04-28,Food,33.51,上海
102591,225,2023-11-12,Books,1191.21,武汉
103876,357,2023-07-15,Electronics,709.01,上海
100294,181,2023-09-17,Electronics,627.71,西安
100463,153,2023-08-26,,1068.55,深圳
104695,110,2023-07-22,Clothing,332.92,上海
103862,64,2023-11-12,Electronics,863.55,北京
103575,208,2023-10-30,Food,1093.56,广州
101402,466,2023-12-08,Food,801.14,武汉
101241,471,2023-08-11,Food,1980.68,
100220,47,2023-06-01,Food,1497.49,广州
104745,404,2023-01-14,Clothing,953.79,武汉
104117,332,2023-11-06,Books,342.88,深圳
102580,297,2023-07-06,Food,1547.02,西安
100975,356,2023-08-15,Books,1130.71,深圳
103881,26,2023-01-13,Food,1615.92,杭州
101802,486,2023-07-20,Electronics,1073.64,深圳
101183,453,2023-11-09,Clothing,1420.09,深圳
103769,282,2023-06-17,Food,780.86,广州
101093,48,2023-10-20,Books,1142.44,深圳
101929,296,2023-01-01,Food,133.15,深圳
101251,441,2023-08-22,Books,1250.26,西安
103443,175,2023-05-02,Electronics,196.09,杭州
100191,444,2023-03-18,Books,1081.78,成都
104863,217,2023-12-21,Clothing,1582.18,杭州
104495,158,2023-03-10,Food,705.63,深圳
103394,71,2023-02-05,Electronics,1898.48,北京
102559,442,2023-08-30,Books,985.7,西安
104613,36,2023-07-05,Clothing,654.64,深圳
102784,429,2023-02-03,Books,1892.42,杭州
102963,351,2023-04-30,Electronics,768.61,北京
103125,121,2023-12-20,Books,1622.6,北京
101201,232,2023-06-04,Clothing,1054.95,广州
102415,93,2023-05-13,Food,526.49,西安
101225,404,2023-06-16,Books,980.14,上海
104101,313,2023-10-03,Clothing,272.72,上海
104430,156,2023-10-05,Food,1372.62,成都
104988,287,2023-11-14,Books,258.95,北京
100739,20,2023-07-22,Food,1384.12,北京
104338,23,2023-05-20,Clothing,1411.7,广州
100755,347,2023-04-16,Food,1306.66,北京
103043,223,2023-12-05,Clothing,310.57,广州
100708,425,2023-09-03,Clothing,333.69,上海
101750,217,2023-06-26,Clothing,1953.26,深圳
104836,5,2023-02-24,Clothing,711.81,武汉
101489,412,2023-04-26,Electronics,1438.24,上海
103300,27,2023-10-30,Food,1605.33,杭州
103145,124,2023-07-27,Food,1652.21,上海
100020,460,2023-10-26,Books,730.37,广州
101576,84,2023-07-18,Books,577.02,广州
103632,38,2023-10-20,Clothing,661.51,武汉
100808,136,2023-08-26,Electronics,208.62,广州
104004,409,2023-10-18,Books,832.28,深圳
104229,215,2023-04-14,Books,1782.15,武汉
102396,488,2023-02-28,Electronics,1002.83,北京
103936,429,2023-09-03,Electronics,555.74,西安
103440,368,2023-03-11,Clothing,,深圳
103762,69,2023-03-18,Food,757.4,北京
101357,355,2023-07-28,Clothing,274.1,杭州
102293,126,2023-10-23,Books,725.25,上海
103086,269,2023-08-02,Books,1392.23,上海
104494,6,2023-05-08,Clothing,1707.13,西安
102953,340,2023-09-15,Clothing,1539.41,成都
100255,221,2023-08-20,Clothing,833.49,西安
103517,107,2023-07-01,Clothing,1658.77,杭州
101378,267,2023-11-18,Electronics,593.41,广州
101800,473,2023-03-13,Clothing,1954.71,成都
102004,192,2023-02-27,Food,1828.95,深圳
101303,63,2023-10-18,Food,673.55,杭州
103442,62,2023-05-24,Books,1787.27,上海
104673,42,2023-02-15,Food,74.54,北京
100868,3,2023-06-19,Books,1422.28,广州
102264,488,2023-10-23,Electronics,303.11,上海
104213,464,2023-11-14,Books,930.89,西安
103247,129,2023-02-10,Food,911.67,杭州
104259,55,2023-03-11,Electronics,416.04,西安
102621,156,2023-08-06,Food,1486.71,上海
101057,163,2023-10-13,Food,1613.0,西安
104276,33,2023-08-27,Food,384.76,北京
104103,213,2023-12-16,Electronics,944.66,武汉
100307,417,2023-03-07,Electronics,1295.59,武汉
101650,375,2023-01-31,Food,526.92,成都
101302,277,2023-04-26,Electronics,775.0,西安
104281,320,2023-04-30,Electronics,281.22,广州
102189,401,2023-04-25,Food,542.54,杭州
103484,257,2023-11-15,Electronics,635.09,西安
104206,9,2023-10-19,Electronics,1156.7,武汉
100546,38,2023-08-18,Books,1168.67,武汉
102529,412,2023-11-11,Food,1043.57,杭州
100931,339,2023-04-28,Books,1624.23,上海
102992,411,2023-10-15,Clothing,1802.63,广州
103542,266,2023-12-22,Electronics,241.86,广州
103770,109,2023-01-14,Food,,广州
103578,473,2023-04-21,Electronics,1127.97,武汉
104362,2,2023-06-14,Electronics,660.01,广州
102340,142,2023-01-05,Clothing,721.92,深圳
103859,23,2023-05-11,Food,1117.02,上海
103766,367,2023-12-08,Food,265.12,西安
103604,348,2023-02-22,Electronics,1209.83,北京
104616,442,2023-07-27,Books,888.82,北京
100789,153,2023-05-29,Books,1458.39,成都
101862,34,2023-09-09,Electronics,1907.79,北京
100334,124,2023-10-20,Books,382.75,上海
101258,126,2023-08-30,Electronics,1371.31,杭州
102557,332,2023-05-21,Books,802.61,杭州
101566,270,2023-10-20,Clothing,838.67,上海
103839,137,2023-01-23,Food,466.38,上海
100143,251,2023-10-12,Clothing,1384.31,西安
102296,455,2023-06-19,Books,1182.4,杭州
104264,362,2023-07-04,Food,386.41,成都
102720,387,2023-07-28,Food,990.28,广州
101146,91,2023-08-13,Books,1378.85,西安
104919,397,2023-10-17,Books,904.79,武汉
104345,200,2023-06-08,Food,1502.65,北京
102898,374,2023-03-03,Food,187.32,武汉
100737,197,2023-12-02,Books,1148.33,西安
101910,487,2023-12-25,Clothing,743.18,西安
100362,361,2023-08-17,Clothing,1992.77,杭州
101205,398,2023-06-17,Clothing,1541.27,上海
100209,119,2023-08-25,Food,924.55,北京
102055,82,2023-10-20,Clothing,1188.3,北京
101381,428,2023-09-24,Food,829.27,成都
100008,275,2023-03-05,Books,166.81,杭州
103540,482,2023-01-22,Food,1264.65,成都
101149,267,2023-02-25,Books,919.23,北京
100369,185,2023-10-11,Food,940.14,广州
104493,63,2023-10-22,Clothing,1576.66,上海
104788,300,2023-04-26,Clothing,1798.52,成都
102758,468,2023-09-20,Food,42.24,武汉
100154,175,2023-04-05,Electronics,512.43,西安
102057,156,2023-04-23,Food,1419.43,上海
100402,286,2023-07-07,Clothing,406.13,武汉
101824,130,2023-04-17,Electronics,929.71,上海
104081,292,2023-08-26,Books,343.28,上海
102636,191,2023-01-20,Clothing,1222.61,上海
104694,343,2023-05-31,Clothing,1598.82,广州
100116,437,2023-08-03,Clothing,981.58,杭州
104173,495,2023-11-12,Food,1656.22,深圳
102450,38,2023-07-01,Books,1822.24,西安
104031,342,2023-03-11,Clothing,881.1,成都
103093,282,2023-02-04,Electronics,408.25,北京
102899,294,2023-12-25,Books,1611.78,武汉
101676,444,2023-03-26,Electronics,1148.27,杭州
103801,422,2023-03-18,Electronics,712.94,上海
100346,140,2023-03-05,Food,879.53,武汉
102603,224,2023-02-16,Clothing,316.73,成都
102447,38,2023-03-09,Books,1809.48,成都
100107,460,2023-03-23,Books,905.64,深圳
104314,185,2023-05-29,Clothing,297.24,武汉
102214,266,2023-09-20,Clothing,440.45,成都
104992,293,2023-06-20,Books,314.34,杭州
103188,430,2023-11-17,Food,1875.84,杭州
102970,327,2023-03-31,Books,1998.29,广州
101718,57,2023-05-23,Books,349.25,深圳
100897,157,2023-04-18,Food,431.36,广州
102201,381,2023-03-08,Books,1272.58,成都
104548,78,2023-07-19,Food,1732.44,武汉
101252,261,2023-08-06,Books,775.58,深圳
102757,219,2023-07-22,Books,1598.21,北京
102234,163,2023-06-13,Clothing,402.28,西安
101105,397,2023-12-24,Clothing,1526.45,西安
103989,424,2023-03-11,Food,1696.76,西安
104717,165,2023-02-26,Clothing,1096.56,上海
103971,355,2023-11-01,Clothing,261.74,上海
104885,43,2023-10-05,Books,1688.05,成都
103896,220,2023-09-02,Books,628.13,广州
104975,49,2023-06-17,Clothing,1210.21,深圳
100542,488,2023-08-25,Clothing,882.53,杭州
103549,249,2023-11-17,Books,854.7,广州
104783,155,2023-01-02,Books,1498.89,成都
100099,76,2023-01-13,Electronics,497.24,西安
104738,441,2023-12-28,Clothing,1886.73,深圳
102204,43,2023-03-15,Electronics,1280.39,上海
101741,233,2023-09-22,Food,1179.75,上海
100566,301,2023-02-28,Food,710.45,西安
102277,254,2023-04-16,Clothing,1573.6,成都
104986,120,2023-06-22,Clothing,71.65,西安
100249,235,2023-11-26,Electronics,131.04,西安
101829,366,2023-08-13,Clothing,946.87,杭州
104380,127,2023-02-08,Clothing,939.51,西安
102161,28,2023-04-19,Electronics,1905.76,武汉
104428,478,2023-11-22,Food,884.76,北京
100397,69,2023-05-16,Food,1530.07,成都
102726,345,2023-06-05,Electronics,1851.34,西安
100370,314,2023-02-14,Electronics,625.49,西安
101420,298,2023-01-30,Clothing,646.17,广州
100497,35,2023-12-29,Clothing,28.19,西安
103368,280,2023-05-09,Electronics,1822.73,上海
104199,90,2023-07-25,Electronics,1022.35,杭州
101738,436,2023-07-15,Books,200.7,武汉
102201,381,2023-03-08,Books,1272.58,成都
102193,124,2023-10-12,Books,393.39,武汉
102443,259,2023-03-17,,1268.93,深圳
100373,66,2023-10-10,Clothing,1537.89,广州
101589,182,2023-05-11,Electronics,1539.61,北京
103344,272,2023-07-20,Clothing,875.53,北京
102008,30,2023-07-02,Electronics,1234.91,成都
100162,81,2023-01-02,Books,906.5,西安
103707,31,2023-07-13,Electronics,1772.11,深圳
100520,222,2023-04-06,Books,180.53,杭州
100343,454,2023-01-22,Food,1867.41,武汉
103849,53,2023-07-17,Clothing,328.02,成都
102607,199,2023-03-07,Food,1528.46,广州
101911,264,2023-07-31,Clothing,16.23,成都
104198,77,2023-01-07,Electronics,447.31,武汉
100139,125,2023-08-26,Books,679.43,西安
103488,272,2023-03-18,Books,761.67,上海
104377,208,2023-09-04,Books,777.43,北京
103330,353,2023-06-13,Clothing,1440.09,武汉
104335,172,2023-12-06,Food,1250.77,北京
101651,64,2023-01-25,Electronics,902.99,北京
101652,233,2023-06-23,Clothing,1612.72,深圳
101177,150,2023-08-30,Clothing,252.83,杭州
100040,264,2023-05-02,Food,1341.27,深圳
102425,460,2023-11-30,Food,946.66,杭州
103869,404,2023-04-26,Food,1248.87,武汉
104583,376,2023-11-07,Books,518.05,武汉
104822,303,2023-04-03,Electronics,612.0,西安
104196,142,2023-02-23,Clothing,22.56,成都
100562,231,2023-10-31,Books,783.78,深圳
102130,484,2023-06-08,Electronics,1961.28,杭州
102478,215,2023-12-19,Food,1230.62,深圳
102102,197,2023-02-12,Books,1058.62,深圳
101434,65,2023-04-18,Clothing,1962.41,武汉
101260,241,2023-08-21,Books,1152.19,成都
100872,213,2023-10-06,Books,192.97,深圳
102663,323,2023-02-24,Food,1009.59,武汉
102091,92,2023-08-08,Food,1203.23,武汉
102890,292,2023-05-10,Electronics,1430.09,西安
103134,171,2023-07-03,Books,907.03,
103397,42,2023-06-21,Clothing,378.41,上海
100584,441,2023-12-30,Books,340.3,广州
102927,271,2023-01-22,Clothing,1894.09,杭州
100470,120,2023-10-22,Food,1159.17,成都
102385,225,2023-04-03,Food,97.0,成都
101087,230,2023-07-23,Electronics,1455.36,杭州
104349,485,2023-07-24,,1552.39,上海
103399,87,2023-12-16,Clothing,1979.4,北京
104268,478,2023-12-10,Clothing,76.64,深圳
102765,233,2023-09-28,Books,1779.9,武汉
103656,236,2023-10-31,Books,400.25,成都
104290,418,2023-09-07,Clothing,477.63,深圳
103165,149,2023-11-04,Food,859.2,广州
100428,349,2023-03-12,Electronics,1929.39,广州
100056,305,2023-02-04,Clothing,813.51,深圳
100046,72,2023-08-05,Clothing,564.3,深圳
102249,39,2023-05-16,Food,1378.96,武汉
103530,136,2023-05-26,Electronics,1921.13,武汉
103852,273,2023-12-23,Clothing,1232.02,武汉
102087,336,2023-05-27,Clothing,1844.16,武汉
101410,364,2023-10-18,Clothing,406.52,武汉
100818,399,2023-07-03,Electronics,1726.53,广州
102884,414,2023-11-06,Clothing,1443.01,深圳
104043,450,2023-04-20,Books,100.76,杭州
102936,464,2023-05-04,Food,1968.96,武汉
102685,220,2023-03-05,Electronics,300.51,杭州
102641,316,2023-09-21,Clothing,1391.57,北京
103265,403,2023-11-07,Books,1505.75,武汉
104282,170,2023-07-25,Electronics,438.9,北京
104089,70,2023-12-06,Clothing,127.73,上海
102707,321,2023-02-20,Food,1019.76,杭州
102275,34,2023-09-30,Electronics,558.16,武汉
103328,41,2023-01-31,Electronics,303.88,西安
104149,116,2023-02-23,Electronics,69.68,上海
103683,121,2023-09-21,Food,810.37,广州
102610,114,2023-11-08,Clothing,1538.01,成都
102919,22,2023-07-03,Electronics,1834.05,西安
102643,141,2023-12-19,Clothing,560.94,北京
103429,130,2023-05-06,Clothing,1258.76,北京
100810,219,2023-03-01,Electronics,1703.98,北京
100060,344,2023-11-27,Food,919.88,上海
101084,433,2023-07-10,Books,1530.73,武汉
103520,270,2023-08-27,Electronics,1093.31,深圳
103147,62,2023-04-17,Clothing,1657.04,上海
100685,91,2023-05-02,Food,1614.36,成都
103417,224,2023-01-26,Food,16.08,西安
101152,204,2023-06-05,Food,928.08,武汉
104701,46,2023-06-14,Electronics,1474.24,武汉
100486,283,2023-06-14,Food,767.52,成都
104448,61,2023-07-02,Food,1407.63,西安
100415,340,2023-09-02,Books,634.37,广州
100977,247,2023-03-01,Food,,深圳
103235,430,2023-08-15,Clothing,752.19,上海
101649,124,2023-06-05,Books,1974.04,上海
101262,356,2023-11-02,Food,1456.67,杭州
103643,101,2023-10-04,,62.17,西安
101435,354,2023-02-27,Electronics,47.42,西安
100030,307,2023-06-15,Books,48.76,成都
101977,275,2023-04-15,Electronics,1262.84,杭州
104436,485,2023-02-16,Electronics,1859.3,西安
101579,427,2023-07-08,Clothing,984.35,武汉
103168,155,2023-04-04,Clothing,686.74,西安
104647,479,2023-06-29,Books,1905.88,广州
102206,135,2023-04-03,Electronics,163.99,成都
102802,66,2023-06-15,Food,1914.24,上海
103635,488,2023-03-23,Clothing,,北京
103509,370,2023-12-12,Food,686.46,广州
104221,94,2023-04-30,Electronics,298.02,广州
102658,472,2023-10-03,Clothing,763.07,上海
100200,333,2023-02-11,Food,1706.16,武汉
103206,365,2023-10-05,Food,416.88,西安
102220,493,2023-07-21,Electronics,1171.46,杭州
104394,284,2023-11-01,Books,620.92,西安
104910,296,2023-12-13,Electronics,954.39,广州
104710,76,2023-02-21,Food,1824.07,武汉
103830,498,2023-09-17,,880.96,北京
102506,100,2023-11-07,Food,1571.7,武汉
103283,146,2023-07-08,Electronics,1604.44,上海
103031,423,2023-06-26,Clothing,1065.8,杭州
104714,9,2023-03-02,Food,1825.05,武汉
102092,77,2023-12-08,Food,1253.27,杭州
101637,471,2023-07-29,Books,1904.16,成都
100631,255,2023-06-27,Food,342.26,广州
103149,484,2023-07-03,Books,31.03,杭州
100405,168,2023-11-10,Food,333.38,杭州
104277,155,2023-04-17,Food,126.31,深圳
103177,286,2023-05-15,Books,142.97,广州
100552,238,2023-12-14,Clothing,696.49,北京
102376,245,2023-06-05,Clothing,52.67,北京
104478,328,2023-11-08,Books,1798.44,西安
102701,444,2023-09-06,Clothing,1742.86,西安
100473,321,2023-12-14,Books,1116.14,北京
103957,484,2023-06-18,Books,880.69,上海
104473,422,2023-09-09,Food,1273.87,成都
104307,414,2023-11-11,Electronics,1342.52,上海
103688,278,2023-11-20,Food,1468.45,武汉
101679,385,2023-09-01,Electronics,249.36,广州
101054,128,2023-03-22,Books,,成都
101157,452,2023-08-21,Electronics,507.66,广州
104311,307,2023-06-12,Electronics,993.04,广州
104105,299,2023-09-29,Clothing,247.47,北京
104205,37,2023-02-09,Food,666.6,杭州
100526,53,2023-01-14,Electronics,714.29,上海
104027,361,2023-08-16,Books,117.43,广州
104128,487,2023-04-14,Electronics,1619.74,深圳
103777,488,2023-03-23,Electronics,451.46,杭州
103257,263,2023-01-11,Electronics,793.67,广州
102793,403,2023-03-25,Electronics,1000.14,杭州
101323,33,2023-03-03,Food,291.06,武汉
104704,482,2023-11-29,Food,1786.65,广州
101414,490,2023-11-24,Books,257.11,杭州
102459,51,2023-06-27,Food,339.53,杭州
104077,35,2023-06-30,Electronics,1049.29,西安
102491,174,2023-11-22,Electronics,623.94,武汉
104350,306,2023-08-11,Clothing,443.25,广州
104846,26,2023-02-13,Clothing,498.76,深圳
101581,416,2023-07-08,Clothing,873.87,武汉
101126,171,2023-09-08,Books,1491.34,北京
101338,474,2023-10-03,Clothing,324.51,北京
103579,51,2023-12-11,Clothing,1535.32,成都
103689,494,2023-07-06,Food,1577.34,杭州
101494,344,2023-10-08,Clothing,1762.98,广州
100599,226,2023-08-22,Electronics,1983.76,武汉
100033,66,2023-12-04,Books,1894.23,广州
100133,178,2023-09-30,Books,1326.43,上海
102060,475,2023-03-10,Food,1748.03,北京
101867,147,2023-10-23,Books,1935.77,深圳
102780,384,2023-06-12,Books,390.05,上海
104607,199,2023-05-06,Electronics,110.82,杭州
102361,317,2023-10-14,Clothing,1605.18,西安
104632,288,2023-05-05,Clothing,921.98,北京
102699,245,2023-11-13,Clothing,1945.08,广州
100854,346,2023-10-01,Food,1756.18,武汉
100611,226,2023-06-29,Clothing,1259.88,广州
104371,91,2023-07-23,Books,218.46,武汉
104798,63,2023-03-06,Food,1507.79,上海
104489,474,2023-08-05,,449.81,成都
101285,129,2023-04-09,Electronics,,上海
